discom,circle,division,subdivision,section,area,units_2025,units_2026,growth_units,growth_percent,total_units,total_load,total_services,months_observed,unit_per_reported_load,consumption_percentile,load_percentile,demand_load_gap,priority_category,growth_score,gap_score,combined_score
TGSPDCL,HABSIGUDA,SAINIKPURI,A S RAO NAGAR,MOULAALI,OLD MOULALI,16850.0,69009.0,52159.0,309.54896142433233,117930.0,519.0,40,40,227.22543352601156,0.8556701030927835,0.15463917525773196,0.7010309278350515,Priority Investigation,74.19354838709677,90.32258064516128,82.25806451612902
TGSPDCL,SECUNDERABAD,PARADISE,PADMA RAO NAGAR,TARNAKA,GRC HV TARNAKA,26977.0,62070.0,35093.0,130.08488712607036,128642.0,370.0,37,37,347.68108108108106,0.8762886597938144,0.12371134020618557,0.7525773195876289,Priority Investigation,64.51612903225806,98.38709677419355,81.45161290322581
TGSPDCL,CYBERCITY,GACHIBOWLI,GACHIBOWLI,GACHIBOWLI,JOURNALIST COLONY ,10795.0,47516.0,36721.0,340.1667438628995,71270.0,110.0,22,22,647.9090909090909,0.7577319587628866,0.028350515463917526,0.729381443298969,Priority Investigation,67.74193548387096,93.54838709677419,80.64516129032258
TGSPDCL,BANJARA HILLS,GREEN LANDS,GREENLANDS,SANJEEV REDDY NAGAR,CT METERS,38578.0,171422.0,132844.0,344.35170304318524,248912.0,1060.0,20,20,234.82264150943396,0.9587628865979382,0.5713058419243986,0.3874570446735396,Priority Investigation,88.70967741935483,70.96774193548387,79.83870967741936
TGSPDCL,SECUNDERABAD,BOWENPALLY,BOWENPALLY,OLD BOWENPALLY,CT METERS (GRP-M),29673.0,215759.0,186086.0,627.1222997337647,286334.0,1200.0,21,20,238.61166666666668,0.9656357388316151,0.6408934707903781,0.32474226804123707,Priority Investigation,91.93548387096774,66.12903225806451,79.03225806451613
TGSPDCL,HABSIGUDA,SAINIKPURI,A S RAO NAGAR,NEREDMET,R.K PURAM,17038.0,115926.0,98888.0,580.3967601831201,148316.0,1060.0,20,20,139.92075471698112,0.8951890034364262,0.5713058419243986,0.32388316151202756,Priority Investigation,85.48387096774194,64.51612903225806,75.0
TGSPDCL,MEDCHAL,KUKATPALLY,MIYAPUR,HYDERNAGAR,B K ENCLAVE,18421.0,50392.0,31971.0,173.55735302100862,114869.0,382.0,30,30,300.7041884816754,0.852233676975945,0.12714776632302405,0.7250859106529209,Priority Investigation,58.06451612903226,91.93548387096774,75.0
TGSPDCL,CYBERCITY,GACHIBOWLI,CHANDA NAGAR,VASANTH NAGAR,GOPALA NAGAR,35581.0,66881.0,31300.0,87.96829768696777,165618.0,597.0,44,44,277.4170854271357,0.9123711340206185,0.17697594501718214,0.7353951890034364,Priority Investigation,54.83870967741935,95.16129032258065,75.0
TGSPDCL,CYBERCITY,GACHIBOWLI,GACHIBOWLI,GACHIBOWLI,HV GOWLI DODDI,34140.0,324838.0,290698.0,851.4879906268308,420411.0,2016.0,37,26,208.53720238095238,0.9810996563573883,0.8496563573883161,0.13144329896907214,Priority Investigation,100.0,46.774193548387096,73.38709677419355
TGSPDCL,CYBERCITY,IBRAHIMBAGH,IBRAHIMBAG,IBRAHIMBAGH,POKALWADA,99172.0,178482.0,79310.0,79.97216956398984,440128.0,1400.0,40,40,314.37714285714287,0.9862542955326461,0.7079037800687286,0.27835051546391754,Priority Investigation,83.87096774193549,61.29032258064516,72.58064516129032
TGSPDCL,HYDERABAD SOUTH,BEGUM BAZAR,SEETHARAM BAGH,DATTATREYA COLONY,GRCHV DATTACOLONY,24185.0,55057.0,30872.0,127.64936944387017,100271.0,504.0,28,28,198.95039682539684,0.8195876288659794,0.15292096219931273,0.6666666666666666,Priority Investigation,53.2258064516129,87.09677419354838,70.16129032258064
TGSPDCL,HYDERABAD SOUTH,CHARMINAR,CHARMINAR,HUSSAINI ALAM,GRC,27083.0,57788.0,30705.0,113.37370306096075,107337.0,473.0,29,29,226.92811839323468,0.8367697594501718,0.14776632302405499,0.6890034364261168,Priority Investigation,50.0,88.70967741935483,69.35483870967741
TGSPDCL,SANGAREDDY,PATANCHERU,RC PURAM,M.I.G.,MIG HV,38939.0,91598.0,52659.0,135.23459770410128,172820.0,1404.0,26,21,123.09116809116809,0.9192439862542955,0.7130584192439863,0.2061855670103092,Priority Investigation,75.80645161290323,54.83870967741935,65.3225806451613
TGSPDCL,SAROORNAGAR,SAROORNAGAR,L B NAGAR,BANDLAGUDA,ROCK TOWN-II,27375.0,80955.0,53580.0,195.72602739726028,124588.0,1296.0,24,24,96.13271604938272,0.8711340206185567,0.6683848797250859,0.20274914089347085,Priority Investigation,77.41935483870968,53.2258064516129,65.32258064516128
TGSPDCL,NALGONDA,NALGONDA,NALGONDA RURAL,NARKETPALLY,GOPALAIPALLY,52424.0,103936.0,51512.0,98.26033877613307,231303.0,1620.0,30,30,142.77962962962962,0.9536082474226805,0.7474226804123711,0.20618556701030932,Priority Investigation,72.58064516129032,56.451612903225815,64.51612903225806
TGSPDCL,CYBERCITY,KONDAPUR,KONDAPUR,KONDAPUR,RAGHAVENDRA CLNY,5966.0,30285.0,24319.0,407.6265504525646,46526.0,207.0,23,23,224.76328502415458,0.6632302405498282,0.06357388316151202,0.5996563573883161,Priority Investigation,45.16129032258064,82.25806451612904,63.70967741935484
TGSPDCL,MEDCHAL,KUKATPALLY,KUKATPALLY,KUKATPALLY,HVCT KKP,14475.0,50007.0,35532.0,245.47150259067357,82244.0,1000.0,20,20,82.244,0.7766323024054983,0.5352233676975945,0.2414089347079038,Priority Investigation,66.12903225806451,59.67741935483871,62.903225806451616
TGSPDCL,HABSIGUDA,HABSIGUDA,HABSIGUDA,MALLAPUR,SRINIVASA SCHOOL,22129.0,45803.0,23674.0,106.98178860319038,99744.0,522.8,35,35,190.78806426931908,0.8178694158075601,0.1563573883161512,0.6615120274914089,Priority Investigation,41.935483870967744,83.87096774193549,62.903225806451616
TGSPDCL,SECUNDERABAD,BOWENPALLY,BOWENPALLY,NEW BOWENPALLY,BORE-ST-GRC(AGL) (GRP-M),32685.0,49991.0,17306.0,52.94783539850084,123049.0,375.0,25,25,328.1306666666667,0.865979381443299,0.1254295532646048,0.7405498281786942,Priority Investigation,25.806451612903224,96.7741935483871,61.29032258064517
TGSPDCL,CYBERCITY,KONDAPUR,KONDAPUR,KONDAPUR,HV-3,82505.0,271815.0,189310.0,229.4527604387613,422067.0,2789.0,49,29,151.3327357475798,0.9828178694158075,0.9261168384879725,0.05670103092783496,Priority Investigation,93.54838709677419,29.03225806451613,61.29032258064516
TGSPDCL,SECUNDERABAD,SECUNDERABAD,MAREDPALLY,GYMKHANA,CT METERS (GRP-M),23473.0,80649.0,57176.0,243.58198781578838,132249.0,1716.0,38,24,77.06818181818181,0.8831615120274914,0.7680412371134021,0.11512027491408927,Priority Investigation,79.03225806451613,43.54838709677419,61.29032258064516
TGSPDCL,BANJARA HILLS,BANJARA HILLS,BANJARA HILLS,BANJARA HILLS,HV ROAD NO 2 AND 3,9633.0,218311.0,208678.0,2166.2825703311532,233493.0,2586.0,48,21,90.29118329466357,0.9553264604810997,0.9054982817869416,0.04982817869415812,Priority Investigation,95.16129032258065,25.806451612903224,60.483870967741936
TGSPDCL,BANJARA HILLS,BANJARA HILLS,JUBILEE HILLS,MADHAPUR,KAVURI HILLS,57538.0,196303.0,138765.0,241.17105217421528,462861.0,2902.0,54,40,159.4972432804962,0.9914089347079038,0.9347079037800687,0.05670103092783507,Priority Investigation,90.32258064516128,30.64516129032258,60.48387096774193
TGSPDCL,BANJARA HILLS,BANJARA HILLS,BANJARA HILLS,FILM NAGAR,GRC-JUBILEE HILLS &FILM NAGAR ,30995.0,88749.0,57754.0,186.33327956121954,162363.0,1905.0,35,20,85.22992125984251,0.9054982817869416,0.8230240549828178,0.08247422680412375,Priority Investigation,80.64516129032258,37.096774193548384,58.87096774193548
TGSPDCL,HYDERABAD SOUTH,CHARMINAR,FALAKNUMA,CHATRINAKA,GRC,7620.0,31291.0,23671.0,310.64304461942254,46279.0,348.0,29,29,132.98563218390805,0.6580756013745704,0.11426116838487972,0.5438144329896907,Priority Investigation,40.32258064516129,75.80645161290323,58.064516129032256
TGSPDCL,SECUNDERABAD,PARADISE,PADMA RAO NAGAR,PADMARAO NAGAR,C T METERS,10665.0,43978.0,33313.0,312.35818096577594,68268.0,1080.0,20,20,63.21111111111111,0.7491408934707904,0.5816151202749141,0.16752577319587625,Priority Investigation,59.67741935483871,50.0,54.83870967741936
TGSPDCL,SAROORNAGAR,CHAMPAPET,VANASTHALIPURAM,VANASTHALIPURAM,R.S.S.GROUNDS,27233.0,61438.0,34205.0,125.6012925494804,130275.0,1674.0,31,31,77.8225806451613,0.8780068728522337,0.7577319587628866,0.1202749140893471,Priority Investigation,62.903225806451616,45.16129032258064,54.03225806451613
TGSPDCL,HABSIGUDA,SAINIKPURI,SAINIKPURI,YAPRAL,MAITHRI V.GUDA NON CT SERVICES,38425.0,53832.0,15407.0,40.096291476903055,113759.0,641.0,39,21,177.4711388455538,0.8470790378006873,0.18384879725085912,0.6632302405498282,Priority Investigation,20.967741935483872,85.48387096774194,53.225806451612904
TGSPDCL,HYDERABAD CENTRAL,MEHDIPATNAM,MEHDIPATNAM,SURYANAGAR,GRC HV SURYA NAGAR,52006.0,62898.0,10892.0,20.94373726108526,184541.0,579.0,34,34,318.7236614853195,0.9261168384879725,0.1718213058419244,0.7542955326460481,Priority Investigation,4.838709677419355,100.0,52.41935483870968
TGSPDCL,HYDERABAD CENTRAL,MEHDIPATNAM,MEHDIPATNAM,SURYANAGAR,GRC CT METERS,27387.0,61147.0,33760.0,123.27016467667143,146945.0,1782.0,33,33,82.46071829405163,0.8934707903780069,0.7903780068728522,0.10309278350515472,Priority Investigation,61.29032258064516,41.935483870967744,51.61290322580645
TGSPDCL,SECUNDERABAD,BOWENPALLY,BALANAGAR,FEROZEGUDA,C.T.METER  GRC (GRP-M),93467.0,309977.0,216510.0,231.64325376870983,485243.0,4010.0,65,32,121.00822942643391,0.993127147766323,0.9828178694158075,0.010309278350515538,Priority Investigation,96.7741935483871,4.838709677419355,50.80645161290323
TGSPDCL,BANJARA HILLS,GREEN LANDS,SANATH NAGAR,SANATHNAGAR,CT METERS,82707.0,348692.0,265985.0,321.5991391296988,548162.0,4317.0,78,35,126.97753069261061,0.9965635738831615,0.9896907216494846,0.0068728522336769515,Priority Investigation,98.38709677419355,1.6129032258064515,50.0
TGSPDCL,SECUNDERABAD,PARADISE,PADMA RAO NAGAR,TARNAKA,RAVINDERA NAGAR NORTH,8441.0,23967.0,15526.0,183.9355526596375,44277.0,284.0,32,32,155.9049295774648,0.6460481099656358,0.09278350515463918,0.5532646048109966,Priority Investigation,22.58064516129032,77.41935483870968,50.0
TGSPDCL,HYDERABAD CENTRAL,SAIFABAD,SAIFABAD,SOMAJIGUDA,KAPADIA LANE,7861.0,27704.0,19843.0,252.42335580714922,107261.0,968.0,44,44,110.80681818181819,0.8350515463917526,0.49742268041237114,0.33762886597938147,Priority Investigation,30.64516129032258,67.74193548387096,49.19354838709677
TGSPDCL,HYDERABAD CENTRAL,AZAMABAD,BARKATPURA,SHANKARMUTT,CT METER,17866.0,58707.0,40841.0,228.59621627672672,108672.0,1782.0,33,33,60.98316498316498,0.8419243986254296,0.7903780068728522,0.05154639175257736,Priority Investigation,69.35483870967742,27.419354838709676,48.38709677419355
TGSPDCL,CYBERCITY,KONDAPUR,KONDAPUR,ALLAPUR,"H.V AYYAPPA,GURUKUL,THANDA",1162.0,18894.0,17732.0,1525.9896729776249,22346.0,345.0,23,23,64.77101449275362,0.4965635738831615,0.11168384879725086,0.3848797250859107,Priority Investigation,27.419354838709676,69.35483870967742,48.38709677419355
TGSPDCL,CYBERCITY,GACHIBOWLI,CHANDA NAGAR,HAFEEZPET,MIYAPUR HV,42453.0,167894.0,125441.0,295.4820625161944,338245.0,3329.0,70,37,101.60558726344247,0.9776632302405498,0.9570446735395189,0.020618556701030855,Priority Investigation,87.09677419354838,9.67741935483871,48.387096774193544
TGSPDCL,HYDERABAD SOUTH,CHARMINAR,FALAKNUMA,FALAKNUMA,GRC,12599.0,26952.0,14353.0,113.92173982062069,48870.0,348.0,29,29,140.43103448275863,0.6804123711340206,0.11426116838487972,0.5661512027491409,Priority Investigation,16.129032258064516,79.03225806451613,47.58064516129032
TGSPDCL,MEDCHAL,MEDCHAL,QUTBULLAPUR,KOMPALLY,AMR ROAD CENTRAL PARK,9022.0,33166.0,24144.0,267.6125027710042,113892.0,1352.0,44,44,84.2396449704142,0.8505154639175257,0.7010309278350515,0.14948453608247425,Priority Investigation,43.54838709677419,48.38709677419355,45.96774193548387
TGSPDCL,CYBERCITY,IBRAHIMBAGH,IBRAHIMBAG,IBRAHIMBAGH,LAKSHMI NAGAR,7948.0,20916.0,12968.0,163.16054353296428,39378.0,147.0,21,21,267.8775510204082,0.6237113402061856,0.037800687285223365,0.5859106529209622,Priority Investigation,11.29032258064516,80.64516129032258,45.96774193548387
TGSPDCL,CYBERCITY,KONDAPUR,KONDAPUR,WHITE FIELD,GACHIBOWLI,42972.0,85353.0,42381.0,98.62468584194359,221552.0,2672.0,50,36,82.91616766467065,0.9450171821305842,0.9140893470790378,0.030927835051546393,Priority Investigation,70.96774193548387,19.35483870967742,45.16129032258065
TGSPDCL,HYDERABAD CENTRAL,MEHDIPATNAM,GOLCONDA,SHAIKPET,GRC CT METERS,135066.0,193542.0,58476.0,43.294389409621964,433589.0,3462.0,66,25,125.2423454650491,0.9845360824742269,0.9673539518900344,0.01718213058419249,Priority Investigation,82.25806451612904,7.258064516129033,44.75806451612904
TGSPDCL,MEDCHAL,MEDCHAL,QUTBULLAPUR,KOMPALLY,KOMPALLY HV,4216.0,26985.0,22769.0,540.061669829222,48622.0,968.0,44,44,50.22933884297521,0.6752577319587629,0.49742268041237114,0.1778350515463918,Priority Investigation,37.096774193548384,51.61290322580645,44.354838709677416
TGSPDCL,CYBERCITY,GACHIBOWLI,GACHIBOWLI,GACHIBOWLI,NANAKRAMGUDA-2,78981.0,103708.0,24727.0,31.307529659031918,335544.0,2352.0,75,44,142.66326530612244,0.9759450171821306,0.8934707903780069,0.08247422680412364,Priority Investigation,46.774193548387096,35.483870967741936,41.12903225806451
TGSPDCL,SAROORNAGAR,SAROORNAGAR,L B NAGAR,BANDLAGUDA,ADARSHNAGAR COLONY,40819.0,67124.0,26305.0,64.4430289816017,219889.0,2268.0,42,42,96.95282186948853,0.9398625429553265,0.8797250859106529,0.06013745704467355,Priority Investigation,48.38709677419355,33.064516129032256,40.725806451612904
TGSPDCL,CYBERCITY,GACHIBOWLI,CHANDA NAGAR,CHANDA NAGAR,CHANDANAGAR-HV,2196.0,16699.0,14503.0,660.4280510018216,37897.0,792.0,36,36,47.849747474747474,0.6116838487972509,0.29553264604810997,0.31615120274914094,Priority Investigation,17.741935483870968,62.903225806451616,40.322580645161295
TGNPDCL,BHADRADRI KOTHAGUDEM,PALONCHA,PALVANCHA,PALVONCHA TOWN-2,PALONCHA,8989.0,20586.0,11597.0,129.01323840249194,38600.0,690.0,23,23,55.94202898550725,0.6151202749140894,0.21477663230240548,0.40034364261168387,Priority Investigation,6.451612903225806,72.58064516129032,39.516129032258064
TGSPDCL,HABSIGUDA,SAINIKPURI,A S RAO NAGAR,A S RAO NAGAR,MOULA - ALI (HV),3552.0,25156.0,21604.0,608.2207207207207,35738.0,968.0,44,44,36.91942148760331,0.5962199312714777,0.49742268041237114,0.09879725085910651,Priority Investigation,35.483870967741936,40.32258064516129,37.903225806451616
TGSPDCL,HABSIGUDA,SAINIKPURI,SAINIKPURI,YAPRAL,KOWKOOR NON CT SERVICES,5297.0,12513.0,7216.0,136.2280536152539,23129.0,294.0,21,21,78.67006802721089,0.5051546391752577,0.09621993127147767,0.40893470790378006,Priority Investigation,1.6129032258064515,74.19354838709677,37.90322580645161
TGSPDCL,YADADRI,BHONGIR,BHONGIR,BHONGIR - TOWN,SANJEEVA NAGAR HANMANWADA,33935.0,53896.0,19961.0,58.82127596876381,130348.0,1782.0,32,32,73.14702581369248,0.8797250859106529,0.7903780068728522,0.0893470790378007,Priority Investigation,32.25806451612903,38.70967741935484,35.483870967741936
TGSPDCL,RAJENDRA NAGAR,RAJENDRA NAGAR,GAGANPAHAD,GAGANPAHAD,GAGANPAHAD,4876.0,36576.0,31700.0,650.1230516817063,151318.0,2210.0,67,44,68.46968325791855,0.8986254295532646,0.8762886597938144,0.022336769759450203,Priority Investigation,56.451612903225815,12.903225806451612,34.67741935483871
TGSPDCL,HABSIGUDA,SAINIKPURI,A S RAO NAGAR,A S RAO NAGAR,KAMALA NAGAR (HV),25463.0,56215.0,30752.0,120.77131524172329,124451.0,1998.0,37,37,62.287787787787785,0.8694158075601375,0.8445017182130584,0.02491408934707906,Priority Investigation,51.61290322580645,16.129032258064516,33.87096774193548
TGSPDCL,MEDCHAL,JEEDIMETLA,SHAPUR NAGAR,SHAPURNAGAR,IDA JEEDIMETLA,17225.0,40807.0,23582.0,136.9056603773585,68809.0,1404.0,26,26,49.00925925925926,0.7525773195876289,0.7130584192439863,0.03951890034364258,Priority Investigation,38.70967741935484,24.193548387096776,31.451612903225808
TGSPDCL,SECUNDERABAD,BOWENPALLY,RR NAGAR,I.D.P.L.,GEETA NGR &VINAYAK NGR (GRP-M),35209.0,45709.0,10500.0,29.821920531682238,166461.0,1337.0,85,44,124.50336574420344,0.9140893470790378,0.697594501718213,0.21649484536082475,Priority Investigation,3.225806451612903,58.06451612903226,30.645161290322584
TGSPDCL,SAROORNAGAR,CHAMPAPET,VANASTHALIPURAM,VANASTHALIPURAM,VIJAYAPURI COLONY PHASE - I,17325.0,38809.0,21484.0,124.005772005772,86644.0,1674.0,31,31,51.758661887694146,0.7920962199312714,0.7577319587628866,0.03436426116838487,Priority Investigation,33.87096774193548,22.58064516129032,28.2258064516129
TGNPDCL,NIZAMABAD,DICHPALLY,NIZAMABAD - RURAL,BARDHIPOOR,SUDDAPALLY,17539.0,33484.0,15945.0,90.91168253606249,73677.0,1470.432,51,34,50.105683227786116,0.7594501718213058,0.7285223367697594,0.030927835051546393,Priority Investigation,24.193548387096776,19.35483870967742,21.774193548387096
TGSPDCL,HABSIGUDA,HABSIGUDA,HABSIGUDA,NACHARAM,IDA NACHARAM,6905.0,18630.0,11725.0,169.80448950036205,70205.0,1326.7,80,38,52.91701213537348,0.7560137457044673,0.6958762886597938,0.06013745704467355,Priority Investigation,9.67741935483871,33.064516129032256,21.370967741935484
TGNPDCL,NIZAMABAD,ARMOOR,PERKIT,PERKIT,PERKIT,40643.0,59460.0,18817.0,46.29825554215978,136488.0,2100.0,42,22,64.99428571428571,0.8883161512027491,0.865979381443299,0.022336769759450092,Priority Investigation,29.03225806451613,11.29032258064516,20.161290322580648
TGSPDCL,HABSIGUDA,HABSIGUDA,UPPAL,UPPAL BAGAYATH,HV IDA UPPAL,24702.0,37969.0,13267.0,53.70820176503926,81470.0,1600.32,39,21,50.908568286342735,0.7749140893470791,0.7439862542955327,0.030927835051546393,Priority Investigation,12.903225806451612,19.35483870967742,16.129032258064516
TGNPDCL,NIZAMABAD,ARMOOR,ARMOOR,ARMOOR-TOWN2,A2 ZONE,3245.0,18151.0,14906.0,459.35285053929124,26810.0,1000.0,20,20,26.81,0.5446735395189003,0.5352233676975945,0.009450171821305808,Priority Investigation,19.35483870967742,3.225806451612903,11.290322580645162
TGSPDCL,MEDCHAL,JEEDIMETLA,SHAPUR NAGAR,SHAPURNAGAR,PHASE-4 IDA JEEDIMETLA,21119.0,32818.0,11699.0,55.3956153226952,64603.0,1404.0,26,26,46.013532763532766,0.7371134020618557,0.7130584192439863,0.02405498281786944,Priority Investigation,8.064516129032258,14.516129032258066,11.290322580645162
TGSPDCL,SAROORNAGAR,SAROORNAGAR,HAYATHNAGAR,AUTONAGAR,CHANDRAPURI COLONY,47101.0,60425.0,13324.0,28.288146748476677,156527.0,2321.0,37,37,67.43946574752262,0.9020618556701031,0.8848797250859106,0.01718213058419249,Priority Investigation,14.516129032258066,7.258064516129033,10.88709677419355
