circle,division,subdivision,section,area,catdesc,catcode,totservices,billdservices,units,load
BANJARA HILLS,BANJARA HILLS,AMEERPET,YOUSUFGUDA,PRAGATHINAGAR-1,EV CHARGING STATIONS,9,1,1.0,219.0,8.0
BANJARA HILLS,BANJARA HILLS,BANJARA HILLS,FILM NAGAR,GRC HIGH VALUES RDNO-12&13 BAN,EV CHARGING STATIONS,9,1,,0.0,54.0
BANJARA HILLS,BANJARA HILLS,BANJARA HILLS,FILM NAGAR,GRC-JUBILEE HILLS &FILM NAGAR ,EV CHARGING STATIONS,9,1,1.0,17108.0,54.0
BANJARA HILLS,BANJARA HILLS,BANJARA HILLS,BANJARA HILLS,HV ROAD NO 2 AND 3,EV CHARGING STATIONS,9,3,3.0,46698.0,161.0
BANJARA HILLS,BANJARA HILLS,BANJARA HILLS,BANJARA HILLS,"HV ROAD NO 7,8,9,10 AND 11",EV CHARGING STATIONS,9,1,1.0,3856.0,54.0
BANJARA HILLS,BANJARA HILLS,BANJARA HILLS,BANJARA HILLS,HT DOMESTIC,EV CHARGING STATIONS,9,1,1.0,5066.0,120.0
BANJARA HILLS,BANJARA HILLS,AMEERPET,YELLA REDDY GUDA,GRC HIGH VALUES,EV CHARGING STATIONS,9,1,1.0,26016.0,53.0
BANJARA HILLS,BANJARA HILLS,AMEERPET,SRI KRISHNA NAGAR,CT METERS-GRC,EV CHARGING STATIONS,9,3,3.0,14718.0,162.0
BANJARA HILLS,GREEN LANDS,SANATH NAGAR,BORABANDA,GRC HV BORABANDA,EV CHARGING STATIONS,9,1,1.0,29584.0,53.0
BANJARA HILLS,BANJARA HILLS,BANJARA HILLS,FILM NAGAR,NANDAGIRIHILLS GRC,EV CHARGING STATIONS,9,1,1.0,711.0,55.0
BANJARA HILLS,BANJARA HILLS,JUBILEE HILLS,JUBILEE HILLS,HV ROAD 22 TO 35,EV CHARGING STATIONS,9,1,1.0,0.0,50.0
BANJARA HILLS,BANJARA HILLS,JUBILEE HILLS,JUBILEE HILLS,HV ROAD NO 56 TO 68 & 10 TO 22,EV CHARGING STATIONS,9,2,2.0,4471.0,69.0
BANJARA HILLS,BANJARA HILLS,JUBILEE HILLS,MADHAPUR,"JAYABHERI ENCLAVE, OFFI BESIDE",EV CHARGING STATIONS,9,4,3.0,30347.0,182.0
BANJARA HILLS,BANJARA HILLS,JUBILEE HILLS,MADHAPUR,KAVURI HILLS,EV CHARGING STATIONS,9,2,2.0,21478.0,107.0
BANJARA HILLS,GREEN LANDS,SANATH NAGAR,MOTHI NAGAR,GRC HV MOTINAGAR,EV CHARGING STATIONS,9,2,2.0,5930.0,65.0
BANJARA HILLS,BANJARA HILLS,JUBILEE HILLS,MADHAPUR,"VITTAL RAO NAGAR,GAFOORNAGAR",EV CHARGING STATIONS,9,2,,0.0,3.0
BANJARA HILLS,GREEN LANDS,SANATH NAGAR,SANATHNAGAR,CT METERS,EV CHARGING STATIONS,9,3,3.0,54354.0,161.0
BANJARA HILLS,GREEN LANDS,GREENLANDS,BEGUMPET,GRC. SHYAMLAL,EV CHARGING STATIONS,9,1,1.0,800.0,22.0
BANJARA HILLS,GREEN LANDS,GREENLANDS,GREENLANDS,GRC HV GREENLANDS,EV CHARGING STATIONS,9,1,1.0,362.0,10.0
BANJARA HILLS,GREEN LANDS,GREENLANDS,SANJEEV REDDY NAGAR,CT METERS,EV CHARGING STATIONS,9,1,1.0,20850.0,53.0
BANJARA HILLS,GREEN LANDS,GREENLANDS,BEGUMPET,"GRC - P.GADDA, P.NAGAR",EV CHARGING STATIONS,9,1,1.0,1382.0,10.0
CYBERCITY,IBRAHIMBAGH,IBRAHIMBAG,IBRAHIMBAGH,LAKSHMI NAGAR,EV CHARGING STATIONS,9,1,1.0,2242.0,7.0
CYBERCITY,IBRAHIMBAGH,IBRAHIMBAG,IBRAHIMBAGH,MANIKONDA,EV CHARGING STATIONS,9,1,1.0,0.0,54.0
CYBERCITY,IBRAHIMBAGH,CHEVELLA,CHEVELLA,KESARAM(C),EV CHARGING STATIONS,9,1,1.0,10780.0,60.0
CYBERCITY,IBRAHIMBAGH,IBRAHIMBAG,IBRAHIMBAGH,POKALWADA,EV CHARGING STATIONS,9,1,1.0,23239.0,55.0
CYBERCITY,IBRAHIMBAGH,MOKILA,MOKILA,MOKILA,EV CHARGING STATIONS,9,1,1.0,1635.0,60.0
CYBERCITY,IBRAHIMBAGH,MOKILA,MOKILA,PODDATUR,EV CHARGING STATIONS,9,1,1.0,1099.0,60.0
CYBERCITY,IBRAHIMBAGH,IBRAHIMBAG,IBRAHIMBAGH,SHIVALAYAM,EV CHARGING STATIONS,9,1,1.0,27978.0,53.0
CYBERCITY,IBRAHIMBAGH,IBRAHIMBAG,NARSINGI,IBRAHIMBAGH,EV CHARGING STATIONS,9,1,1.0,0.0,54.0
CYBERCITY,IBRAHIMBAGH,IBRAHIMBAG,NARSINGI,NARSINGI,EV CHARGING STATIONS,9,1,1.0,357.0,54.0
CYBERCITY,IBRAHIMBAGH,IBRAHIMBAG,NARSINGI,RAMDEVGUDA,EV CHARGING STATIONS,9,1,1.0,130.0,54.0
CYBERCITY,IBRAHIMBAGH,MOKILA,CHILKUR,HIMAYATH NAGAR,EV CHARGING STATIONS,9,1,1.0,940.0,54.0
CYBERCITY,KONDAPUR,KPHB,BALAJI NAGAR,MOOSAPET,EV CHARGING STATIONS,9,1,1.0,6658.0,5.0
CYBERCITY,KONDAPUR,KPHB,BALAJI NAGAR,VIVEKNAGAR,EV CHARGING STATIONS,9,4,4.0,275.0,167.0
CYBERCITY,KONDAPUR,KPHB,K P H B COLONY,HV,EV CHARGING STATIONS,9,2,2.0,16773.0,108.0
CYBERCITY,KONDAPUR,KPHB,K P H B COLONY,KPHB COLONY,EV CHARGING STATIONS,9,2,2.0,7327.0,108.0
CYBERCITY,KONDAPUR,KPHB,K P H B COLONY,MIG,EV CHARGING STATIONS,9,1,1.0,1258.0,8.0
CYBERCITY,KONDAPUR,KONDAPUR,ALLAPUR,H.V,EV CHARGING STATIONS,9,1,1.0,28791.0,53.0
CYBERCITY,KONDAPUR,KONDAPUR,ALLAPUR,"H.V AYYAPPA,GURUKUL,THANDA",EV CHARGING STATIONS,9,1,1.0,2851.0,15.0
CYBERCITY,KONDAPUR,KONDAPUR,KONDAPUR,HV,EV CHARGING STATIONS,9,2,1.0,0.0,74.0
CYBERCITY,KONDAPUR,KONDAPUR,KONDAPUR,HV KONDAPUR,EV CHARGING STATIONS,9,1,1.0,5861.0,120.0
CYBERCITY,KONDAPUR,KONDAPUR,KONDAPUR,HV-3,EV CHARGING STATIONS,9,2,1.0,32484.0,134.0
CYBERCITY,KONDAPUR,KONDAPUR,KONDAPUR,RAGHAVENDRA CLNY,EV CHARGING STATIONS,9,1,1.0,2655.0,9.0
CYBERCITY,KONDAPUR,KONDAPUR,KONDAPUR,SHILPA VALLY,EV CHARGING STATIONS,9,1,1.0,0.0,5.0
CYBERCITY,KONDAPUR,KONDAPUR,WHITE FIELD,GACHIBOWLI,EV CHARGING STATIONS,9,2,2.0,11910.0,106.0
CYBERCITY,KONDAPUR,KONDAPUR,WHITE FIELD,HV WHITEFIELD,EV CHARGING STATIONS,9,1,1.0,0.0,52.0
CYBERCITY,KONDAPUR,KONDAPUR,WHITE FIELD,SRIRAM NAGAR & JVG CT METERS,EV CHARGING STATIONS,9,1,1.0,43801.0,53.0
CYBERCITY,KONDAPUR,KPHB,BALAJI NAGAR,BALAJINAGAR CT METERS,EV CHARGING STATIONS,9,1,1.0,5122.0,64.0
CYBERCITY,KONDAPUR,KPHB,BALAJI NAGAR,KHAITHALAPUR  CT METERS ,EV CHARGING STATIONS,9,1,1.0,6780.0,54.0
CYBERCITY,GACHIBOWLI,CHANDA NAGAR,CHANDA NAGAR,SAIKRUPA APPARTMENTS,EV CHARGING STATIONS,9,1,1.0,711.0,11.0
CYBERCITY,GACHIBOWLI,CHANDA NAGAR,VASANTH NAGAR,GOPALA NAGAR,EV CHARGING STATIONS,9,1,1.0,8795.0,34.0
CYBERCITY,GACHIBOWLI,GACHIBOWLI,GACHIBOWLI,HV GACHIBOWLI,EV CHARGING STATIONS,9,1,1.0,0.0,54.0
CYBERCITY,GACHIBOWLI,GACHIBOWLI,GACHIBOWLI,HV GOWLI DODDI,EV CHARGING STATIONS,9,3,2.0,58841.0,162.0
CYBERCITY,GACHIBOWLI,GACHIBOWLI,TARANAGAR,CT METERS,EV CHARGING STATIONS,9,2,2.0,23346.0,114.0
CYBERCITY,GACHIBOWLI,GACHIBOWLI,TARANAGAR,TARANAGAR GOVT,EV CHARGING STATIONS,9,3,3.0,40682.0,161.0
CYBERCITY,GACHIBOWLI,CHANDA NAGAR,VASANTH NAGAR,PRAJAY MEGAPOLIS PVT LTD,EV CHARGING STATIONS,9,2,2.0,0.0,4.0
CYBERCITY,GACHIBOWLI,GACHIBOWLI,GACHIBOWLI,HV KHAJAGUDA,EV CHARGING STATIONS,9,1,1.0,472.0,54.0
CYBERCITY,GACHIBOWLI,GACHIBOWLI,GACHIBOWLI,HV NANAKRAMGUDA,EV CHARGING STATIONS,9,1,1.0,4.0,54.0
CYBERCITY,GACHIBOWLI,GACHIBOWLI,NALLAGANDLA,GULMOHAR & DUBE COLONY,EV CHARGING STATIONS,9,1,1.0,9541.0,54.0
CYBERCITY,GACHIBOWLI,CHANDA NAGAR,CHANDA NAGAR,"ADITYA,PRAKASH NAGAR",EV CHARGING STATIONS,9,1,1.0,7600.0,22.0
CYBERCITY,GACHIBOWLI,CHANDA NAGAR,CHANDA NAGAR,CHANDANAGAR-HV,EV CHARGING STATIONS,9,1,1.0,3127.0,22.0
CYBERCITY,GACHIBOWLI,CHANDA NAGAR,CHANDA NAGAR,GAZTEED COLONY,EV CHARGING STATIONS,9,1,1.0,9.0,54.0
CYBERCITY,GACHIBOWLI,CHANDA NAGAR,CHANDA NAGAR,MADEENAGUDA,EV CHARGING STATIONS,9,1,1.0,8058.0,53.0
CYBERCITY,GACHIBOWLI,GACHIBOWLI,GACHIBOWLI,JOURNALIST COLONY ,EV CHARGING STATIONS,9,1,1.0,6279.0,5.0
CYBERCITY,GACHIBOWLI,GACHIBOWLI,GACHIBOWLI,NANAKRAMGUDA-2,EV CHARGING STATIONS,9,2,2.0,24385.0,57.0
CYBERCITY,GACHIBOWLI,GACHIBOWLI,NALLAGANDLA,NALLAGADLA HV,EV CHARGING STATIONS,9,7,6.0,88565.0,469.0
CYBERCITY,GACHIBOWLI,CHANDA NAGAR,CHANDA NAGAR,MADEENAGUDA MYTHRI NAGAR ,EV CHARGING STATIONS,9,1,,0.0,54.0
CYBERCITY,GACHIBOWLI,CHANDA NAGAR,HAFEEZPET,MIYAPUR HV,EV CHARGING STATIONS,9,2,2.0,22139.0,98.0
CYBERCITY,GACHIBOWLI,GACHIBOWLI,GACHIBOWLI,CT GOVT,EV CHARGING STATIONS,9,5,5.0,17436.0,306.0
CYBERCITY,GACHIBOWLI,GACHIBOWLI,GACHIBOWLI,CT METERS TNGOS,EV CHARGING STATIONS,9,1,,0.0,54.0
CYBERCITY,GACHIBOWLI,GACHIBOWLI,GACHIBOWLI,CT OLD GACHIBOWLI,EV CHARGING STATIONS,9,1,,0.0,54.0
CYBERCITY,GACHIBOWLI,GACHIBOWLI,GACHIBOWLI,CT-APHB COLONY,EV CHARGING STATIONS,9,2,2.0,8484.0,84.0
GADWAL,GADWAL,ALAMPUR X ROAD,UNDAVELLY,A.PURCHOWRASTA,EV CHARGING STATIONS,9,3,3.0,7024.0,131.0
GADWAL,GADWAL,ALAMPUR X ROAD,UNDAVELLY,UNDAVELLY,EV CHARGING STATIONS,9,1,1.0,0.0,30.0
GADWAL,GADWAL,ALAMPUR X ROAD,ITIKYAL(ERRAVALLY),PUTANDODDI,EV CHARGING STATIONS,9,1,1.0,122.0,25.0
GADWAL,GADWAL,ALAMPUR X ROAD,ITIKYAL(ERRAVALLY),VEMULA,EV CHARGING STATIONS,9,1,1.0,1437.0,50.0
GADWAL,GADWAL,ALAMPUR X ROAD,MANOPAAD,JALLAPOOR,EV CHARGING STATIONS,9,1,1.0,0.0,54.0
HABSIGUDA,HABSIGUDA,HABSIGUDA,NACHARAM,CT METERS DOMESTIC AREA,EV CHARGING STATIONS,9,2,2.0,0.0,108.0
HABSIGUDA,HABSIGUDA,HABSIGUDA,NACHARAM,IDA NACHARAM,EV CHARGING STATIONS,9,3,3.0,2399.0,56.65
HABSIGUDA,HABSIGUDA,HABSIGUDA,NACHARAM,NACHARAM HV CT METERS,EV CHARGING STATIONS,9,2,2.0,12.0,69.0
HABSIGUDA,SAINIKPURI,MALKAJGIRI,MALKAJGIRI,HV (CT METER),EV CHARGING STATIONS,9,1,1.0,18496.0,53.0
HABSIGUDA,HABSIGUDA,UPPAL,UPPAL,PRASHANTH NAGAR,EV CHARGING STATIONS,9,1,1.0,8588.0,54.0
HABSIGUDA,HABSIGUDA,UPPAL,BODUPPAL,HV LI  VENUGOPAL,EV CHARGING STATIONS,9,1,1.0,2220.0,54.0
HABSIGUDA,HABSIGUDA,UPPAL,UPPAL,UPPAL,EV CHARGING STATIONS,9,2,2.0,13725.0,117.0
HABSIGUDA,HABSIGUDA,HABSIGUDA,HABSIGUDA,HBG (CTM),EV CHARGING STATIONS,9,1,1.0,3121.0,54.0
HABSIGUDA,HABSIGUDA,UPPAL,UPPAL BAGAYATH,HV BAGAYATH,EV CHARGING STATIONS,9,1,1.0,0.0,54.0
HABSIGUDA,HABSIGUDA,UPPAL,UPPAL BAGAYATH,HV CT METERS,EV CHARGING STATIONS,9,2,2.0,4245.0,108.0
HABSIGUDA,HABSIGUDA,UPPAL,UPPAL BAGAYATH,HV IDA UPPAL,EV CHARGING STATIONS,9,2,2.0,5635.0,83.92
HABSIGUDA,HABSIGUDA,UPPAL,CHILKANAGAR,CT METERS,EV CHARGING STATIONS,9,3,3.0,4887.0,162.0
HABSIGUDA,HABSIGUDA,HABSIGUDA,MALLAPUR,IDA MALLAPUR LT,EV CHARGING STATIONS,9,1,1.0,3330.0,17.0
HABSIGUDA,HABSIGUDA,HABSIGUDA,MALLAPUR,LT/HT SERVICES MALLAPUR,EV CHARGING STATIONS,9,1,1.0,8938.0,54.0
HABSIGUDA,HABSIGUDA,HABSIGUDA,MALLAPUR,SRINIVASA SCHOOL,EV CHARGING STATIONS,9,1,1.0,4456.0,20.8
HABSIGUDA,HABSIGUDA,HABSIGUDA,MALLAPUR,STREET LIGHTS & PWS,EV CHARGING STATIONS,9,1,1.0,0.0,54.0
HABSIGUDA,HABSIGUDA,UPPAL,RAMANTHAPUR,RAMANTHAPUR,EV CHARGING STATIONS,9,3,3.0,50.0,162.0
HABSIGUDA,SAINIKPURI,SAINIKPURI,YAPRAL,YAPRAL NON-CT SERVICES,EV CHARGING STATIONS,9,1,1.0,320.0,54.0
HABSIGUDA,SAINIKPURI,A S RAO NAGAR,A S RAO NAGAR,ASRAO NAGAR (HV),EV CHARGING STATIONS,9,1,1.0,0.0,54.0
HABSIGUDA,SAINIKPURI,SAINIKPURI,KUSHAIGUDA, HV / HV,EV CHARGING STATIONS,9,1,1.0,0.0,54.0
HABSIGUDA,SAINIKPURI,A S RAO NAGAR,NEREDMET,R.K PURAM,EV CHARGING STATIONS,9,1,1.0,20751.0,53.0
HABSIGUDA,SAINIKPURI,SAINIKPURI,SAINIKPURI,SAINIKPURI,EV CHARGING STATIONS,9,1,1.0,0.0,54.0
HABSIGUDA,SAINIKPURI,SAINIKPURI,SAINIKPURI,SANIKPURI,EV CHARGING STATIONS,9,1,,0.0,11.0
HABSIGUDA,SAINIKPURI,A S RAO NAGAR,A S RAO NAGAR,KAMALA NAGAR (HV),EV CHARGING STATIONS,9,1,1.0,8241.0,54.0
HABSIGUDA,SAINIKPURI,A S RAO NAGAR,A S RAO NAGAR,M J COLONY,EV CHARGING STATIONS,9,1,1.0,0.0,17.0
HABSIGUDA,SAINIKPURI,SAINIKPURI,SAINIKPURI,SRINIVAS NAGAR 2,EV CHARGING STATIONS,9,1,1.0,405.0,2.0
HABSIGUDA,SAINIKPURI,A S RAO NAGAR,A S RAO NAGAR,MOULA - ALI (HV),EV CHARGING STATIONS,9,1,1.0,5200.0,22.0
HABSIGUDA,SAINIKPURI,SAINIKPURI,KUSHAIGUDA,JAMMIIGADDA HV,EV CHARGING STATIONS,9,1,1.0,44.0,54.0
HABSIGUDA,KEESARA,GHATKESAR,NARAPALLY,MEDIPALLY CT METER SERVICES,EV CHARGING STATIONS,9,1,1.0,11150.0,70.0
HABSIGUDA,KEESARA,GHATKESAR,NARAPALLY,NARAPALLY CT METER SERVICES,EV CHARGING STATIONS,9,3,3.0,4116.0,162.0
HABSIGUDA,SAINIKPURI,A S RAO NAGAR,MOULAALI,HV -II,EV CHARGING STATIONS,9,1,,0.0,53.0
HABSIGUDA,SAINIKPURI,A S RAO NAGAR,MOULAALI,HV-I,EV CHARGING STATIONS,9,1,1.0,0.0,54.0
HABSIGUDA,SAINIKPURI,SAINIKPURI,YAPRAL,JJ NAGAR VAMPUGUDA-CT METERS,EV CHARGING STATIONS,9,4,3.0,19766.0,173.0
HABSIGUDA,KEESARA,KEESARA,NAGARAM,NAGARAM,EV CHARGING STATIONS,9,1,,0.0,15.0
HABSIGUDA,SAINIKPURI,CHERLAPALLY,CHERLAPALLY-I,PHASE - V (5),EV CHARGING STATIONS,9,1,1.0,1258.0,54.0
HABSIGUDA,SAINIKPURI,SAINIKPURI,YAPRAL,KOWKOOR NON CT SERVICES,EV CHARGING STATIONS,9,1,1.0,1950.0,14.0
HABSIGUDA,SAINIKPURI,SAINIKPURI,YAPRAL,KOWKOOR PEDSO HKT-CT METERS,EV CHARGING STATIONS,9,1,1.0,5174.0,50.0
HABSIGUDA,KEESARA,KEESARA,KEESARA,HV NON CT AND CT METERS,EV CHARGING STATIONS,9,1,1.0,0.0,54.0
HABSIGUDA,SAINIKPURI,CHERLAPALLY,CHERLAPALLY-I,PHASE-III (3),EV CHARGING STATIONS,9,1,1.0,7800.0,54.0
HABSIGUDA,SAINIKPURI,CHERLAPALLY,CHERLAPALLY-I,PHASE-IV(4),EV CHARGING STATIONS,9,1,1.0,2378.0,54.0
HABSIGUDA,SAINIKPURI,SAINIKPURI,YAPRAL,MAITHRI V.GUDA NON CT SERVICES,EV CHARGING STATIONS,9,2,2.0,8698.0,35.0
HABSIGUDA,KEESARA,GHATKESAR,GHATKESAR,HIGH VALUE -1,EV CHARGING STATIONS,9,1,1.0,0.0,54.0
HABSIGUDA,KEESARA,GHATKESAR,GHATKESAR,HIGH VALUE -2,EV CHARGING STATIONS,9,2,2.0,68.0,117.0
HABSIGUDA,KEESARA,KEESARA,KEESARA,KEESARA VILLAGE,EV CHARGING STATIONS,9,1,1.0,0.0,54.0
HABSIGUDA,SAINIKPURI,A S RAO NAGAR,MOULAALI,OLD MOULALI,EV CHARGING STATIONS,9,1,1.0,10667.0,15.0
HABSIGUDA,SAINIKPURI,A S RAO NAGAR,MOULAALI,SADULLA NAGAR,EV CHARGING STATIONS,9,1,,0.0,5.0
HABSIGUDA,SAINIKPURI,A S RAO NAGAR,MOULAALI,UPPERGUDA,EV CHARGING STATIONS,9,2,2.0,0.0,4.0
HABSIGUDA,SAINIKPURI,CHERLAPALLY,CHERLAPALLY-II,N N COLONY,EV CHARGING STATIONS,9,1,1.0,920.0,40.0
HABSIGUDA,SAINIKPURI,CHERLAPALLY,CHERLAPALLY-II,PHASE-II(2) KRUPP,EV CHARGING STATIONS,9,1,1.0,5322.0,63.0
HABSIGUDA,SAINIKPURI,CHERLAPALLY,CHERLAPALLY-II,PHASE-IIA (6) OFFICE BACK SIDE,EV CHARGING STATIONS,9,1,1.0,0.0,54.0
HABSIGUDA,KEESARA,GHATKESAR,MEDIPALLY,HV CT METERS C.C & MEDIPALLY,EV CHARGING STATIONS,9,1,1.0,4.0,54.0
HABSIGUDA,KEESARA,GHATKESAR,PEERJADIGUDA,HV PEERZADIGUDA,EV CHARGING STATIONS,9,1,1.0,489.0,54.0
HYDERABAD CENTRAL,MEHDIPATNAM,GOLCONDA,GOLCONDA,GRC HV GOLCONDA,EV CHARGING STATIONS,9,1,1.0,47.0,54.0
HYDERABAD CENTRAL,MEHDIPATNAM,GOLCONDA,LANGER HOUSE,GRC CT METERS,EV CHARGING STATIONS,9,3,3.0,23669.0,161.0
HYDERABAD CENTRAL,MEHDIPATNAM,MEHDIPATNAM,RETHI BOWLI,GRC CT METERS,EV CHARGING STATIONS,9,1,1.0,7445.0,60.0
HYDERABAD CENTRAL,MEHDIPATNAM,GOLCONDA,SHAIKPET,GRC CT METERS,EV CHARGING STATIONS,9,3,3.0,27832.0,158.0
HYDERABAD CENTRAL,MEHDIPATNAM,MEHDIPATNAM,SURYANAGAR,GRC CT METERS,EV CHARGING STATIONS,9,1,1.0,9002.0,54.0
HYDERABAD CENTRAL,MEHDIPATNAM,MEHDIPATNAM,SURYANAGAR,GRC HV SURYA NAGAR,EV CHARGING STATIONS,9,1,1.0,5928.0,21.0
HYDERABAD CENTRAL,SAIFABAD,SAIFABAD,SAIFABAD,MCH OFFICE KHAIRATABAD,EV CHARGING STATIONS,9,1,1.0,18882.0,40.0
HYDERABAD CENTRAL,SAIFABAD,HYDERGUDA,ABIDS,GRC-1 ---9491381804,EV CHARGING STATIONS,9,1,1.0,12227.0,54.0
HYDERABAD CENTRAL,MEHDIPATNAM,A.C.GUARDS,VIJAYA NAGAR COLONY,GRC CT METERS V N COLONY,EV CHARGING STATIONS,9,1,1.0,15420.0,53.0
HYDERABAD CENTRAL,SAIFABAD,HYDERGUDA,GUNFOUNDRY,"FATE MAINDAN, K VENUGOPALA CHA",EV CHARGING STATIONS,9,1,1.0,2031.0,54.0
HYDERABAD CENTRAL,SAIFABAD,INDIRA PARK,KAVADIGUDA,GRC CT SECTION,EV CHARGING STATIONS,9,3,3.0,20939.0,162.0
HYDERABAD CENTRAL,SAIFABAD,HYDERGUDA,HIMAYAT NAGAR,GRC-,EV CHARGING STATIONS,9,1,1.0,13851.0,54.0
HYDERABAD CENTRAL,SAIFABAD,SAIFABAD,SOMAJIGUDA,AMRUTHA ESTATE(MEDINOVA),EV CHARGING STATIONS,9,1,1.0,120.0,54.0
HYDERABAD CENTRAL,SAIFABAD,SAIFABAD,SOMAJIGUDA,KAPADIA LANE,EV CHARGING STATIONS,9,1,1.0,2540.0,22.0
HYDERABAD CENTRAL,SAIFABAD,SAIFABAD,SAIFABAD,BJR COLLEGE ROAD,EV CHARGING STATIONS,9,1,1.0,32571.0,54.0
HYDERABAD CENTRAL,SAIFABAD,SAIFABAD,SAIFABAD,BOAT CLUB (HYDERABAD),EV CHARGING STATIONS,9,3,3.0,24002.0,161.0
HYDERABAD CENTRAL,AZAMABAD,AMBERPET,AMBERPET,CT METER,EV CHARGING STATIONS,9,2,2.0,5347.0,114.0
HYDERABAD CENTRAL,AZAMABAD,BARKATPURA,SHANKARMUTT,CT METER,EV CHARGING STATIONS,9,1,1.0,9435.0,54.0
HYDERABAD CENTRAL,AZAMABAD,BARKATPURA,SHANKARMUTT,GRC HV SHANKARMUTT,EV CHARGING STATIONS,9,1,1.0,2143.0,15.0
HYDERABAD CENTRAL,AZAMABAD,AMBERPET,GOLNAKA,MARUTHI NAGAR,EV CHARGING STATIONS,9,1,1.0,0.0,17.0
HYDERABAD SOUTH,CHARMINAR,MIR ALAM,ATTAPUR,CT METER,EV CHARGING STATIONS,9,4,4.0,9289.0,108.0
HYDERABAD SOUTH,CHARMINAR,FALAKNUMA,CHANDRAYANA GUTTA,GRC,EV CHARGING STATIONS,9,2,2.0,0.0,108.0
HYDERABAD SOUTH,CHARMINAR,CHARMINAR,HUSSAINI ALAM,GRC,EV CHARGING STATIONS,9,1,1.0,7948.0,17.0
HYDERABAD SOUTH,CHARMINAR,CHARMINAR,MOGHAL PURA,GRC SERVICES,EV CHARGING STATIONS,9,1,1.0,3351.0,10.0
HYDERABAD SOUTH,CHARMINAR,FALAKNUMA,CHATRINAKA,GRC,EV CHARGING STATIONS,9,1,1.0,3072.0,12.0
HYDERABAD SOUTH,CHARMINAR,FALAKNUMA,FALAKNUMA,GRC,EV CHARGING STATIONS,9,1,1.0,3867.0,12.0
HYDERABAD SOUTH,ASMANGADH,ASMANGADH,SAIDABAD,TOTAL HV SERVICES,EV CHARGING STATIONS,9,1,1.0,19103.0,50.0
HYDERABAD SOUTH,CHARMINAR,MIR ALAM,KISHANBAGH,BHARATNAGAR OLD,EV CHARGING STATIONS,9,1,1.0,0.0,5.0
HYDERABAD SOUTH,CHARMINAR,MIR ALAM,KISHANBAGH,TEJASWI NAGAR COLONY-2,EV CHARGING STATIONS,9,1,1.0,9.0,10.0
HYDERABAD SOUTH,ASMANGADH,CHANCHALGUDA,CHANCHALGUDA,TOTAL HV SERVICES,EV CHARGING STATIONS,9,1,1.0,7551.0,12.0
HYDERABAD SOUTH,BEGUM BAZAR,TROOP BAZAR,TROOP BAZAR,GRC CT (SLI),EV CHARGING STATIONS,9,1,1.0,0.0,54.0
HYDERABAD SOUTH,BEGUM BAZAR,SEETHARAM BAGH,DATTATREYA COLONY,GRCHV DATTACOLONY,EV CHARGING STATIONS,9,1,1.0,7288.0,18.0
HYDERABAD SOUTH,BEGUM BAZAR,TROOP BAZAR,PUTLI BOWLI,PUTHLIBOWLI GRC CT METERS,EV CHARGING STATIONS,9,1,1.0,0.0,54.0
HYDERABAD SOUTH,BEGUM BAZAR,BEGUM BAZAR,CHUDI BAZAR,GRCHV CHUDIBAZAR,EV CHARGING STATIONS,9,1,1.0,0.0,22.0
HYDERABAD SOUTH,ASMANGADH,SANTOSH NAGAR,SANTOSHNAGAR,TOTAL HV SERVICES,EV CHARGING STATIONS,9,1,1.0,3250.0,54.0
MAHABOOBNAGAR,JADCHERLA,RAJAPUR,RAJAPUR,RAJAPUR,EV CHARGING STATIONS,9,1,,0.0,120.0
MAHABOOBNAGAR,JADCHERLA,RAJAPUR,RAJAPUR,RANGAREDDYGUDA,EV CHARGING STATIONS,9,1,1.0,4.0,30.0
MAHABOOBNAGAR,MAHABOOBNAGAR,MBNR-RURAL,C AND O,ADE HT RURAL,EV CHARGING STATIONS,9,1,1.0,876.0,60.0
MAHABOOBNAGAR,MAHABOOBNAGAR,MBNR-RURAL,C AND O,APPAIPALLY,EV CHARGING STATIONS,9,1,1.0,41.0,54.0
MAHABOOBNAGAR,MAHABOOBNAGAR,MBNR-RURAL,C AND O,APPANNAPALLY,EV CHARGING STATIONS,9,1,1.0,723.0,7.0
MAHABOOBNAGAR,JADCHERLA,RAJAPUR,BALANAGAR,KETHIREDDYPALLY,EV CHARGING STATIONS,9,1,1.0,0.0,25.0
MAHABOOBNAGAR,MAHABOOBNAGAR,MBNR-RURAL,GANDEED,AE CT GANDEED,EV CHARGING STATIONS,9,1,1.0,0.0,54.0
MAHABOOBNAGAR,JADCHERLA,RAJAPUR,BALANAGAR,BALANAGAR,EV CHARGING STATIONS,9,4,3.0,1750.0,220.0
MAHABOOBNAGAR,JADCHERLA,JADCHERLA,JADCHERLA RURAL,AE CT JADCHERLA RURAL,EV CHARGING STATIONS,9,6,6.0,28668.0,284.0
MAHABOOBNAGAR,JADCHERLA,JADCHERLA,JADCHERLA RURAL,MACHARAM-J,EV CHARGING STATIONS,9,1,1.0,0.0,54.0
MAHABOOBNAGAR,JADCHERLA,JADCHERLA,ADDAKAL,AE CT ADDAKAL,EV CHARGING STATIONS,9,1,1.0,2862.0,65.0
MAHABOOBNAGAR,JADCHERLA,JADCHERLA,BHOOTHPUR,LINE INSPECTOR-1,EV CHARGING STATIONS,9,1,1.0,0.0,54.0
MAHABOOBNAGAR,JADCHERLA,JADCHERLA,JADCHERLA,AE CT JADCHERLA TOWN,EV CHARGING STATIONS,9,1,1.0,310.0,25.0
MAHABOOBNAGAR,JADCHERLA,JADCHERLA,MOOSAPET,LINE INSPECTOR-2,EV CHARGING STATIONS,9,1,1.0,1.0,54.0
MAHABOOBNAGAR,MAHABOOBNAGAR,DEVARAKADRA,DEVARKADRA,DEVARKADRA,EV CHARGING STATIONS,9,1,1.0,0.0,54.0
MAHABOOBNAGAR,MAHABOOBNAGAR,MBNR-RURAL,MOHAMMADABAD,MOHAMMADABAD,EV CHARGING STATIONS,9,1,1.0,0.0,54.0
MAHABOOBNAGAR,MAHABOOBNAGAR,MBNR-TOWN,TOWN -III,TOWN - III -GA,EV CHARGING STATIONS,9,1,1.0,379.0,7.0
MAHABOOBNAGAR,MAHABOOBNAGAR,MBNR-TOWN,TOWN -III,TOWN - III -PE,EV CHARGING STATIONS,9,2,2.0,1250.0,15.0
MAHABOOBNAGAR,MAHABOOBNAGAR,MBNR-TOWN,TOWN -III,TOWN-III AE,EV CHARGING STATIONS,9,1,1.0,0.0,30.0
MAHABOOBNAGAR,MAHABOOBNAGAR,MBNR-TOWN,TOWN -I,TOWN-I,EV CHARGING STATIONS,9,2,2.0,6447.0,108.0
MAHABOOBNAGAR,MAHABOOBNAGAR,MBNR-TOWN,TOWN -II,TOWN-II,EV CHARGING STATIONS,9,1,1.0,2089.0,54.0
MEDAK,MEDAK,NARSAPOOR,KULCHARM,KULCHARAM,EV CHARGING STATIONS,9,1,1.0,21.0,54.0
MEDAK,MEDAK,NARSAPOOR,NARASAPOOR,NARSAPUR TOWN-1 EDLABAZAR,EV CHARGING STATIONS,9,1,1.0,1.0,54.0
MEDAK,MEDAK,NARSAPOOR,KOWDIPALLY,KOWDIPALLY,EV CHARGING STATIONS,9,1,1.0,1583.0,54.0
MEDAK,TOOPRAN,RAMAYAMPET,NARSINGHI,VALLORE,EV CHARGING STATIONS,9,1,1.0,172.0,54.0
MEDAK,TOOPRAN,RAMAYAMPET,RAMAYAMPET,KOMATPALLY,EV CHARGING STATIONS,9,1,1.0,1556.0,54.0
MEDAK,TOOPRAN,TOOPRAN,TOOPRAN,NAGULAPALLY,EV CHARGING STATIONS,9,1,1.0,658.0,54.0
MEDAK,TOOPRAN,TOOPRAN,TOOPRAN,TOOPRAN,EV CHARGING STATIONS,9,3,3.0,205.0,115.0
MEDAK,TOOPRAN,TOOPRAN,KALKALL,MANOHARABAD,EV CHARGING STATIONS,9,1,1.0,1.0,54.0
MEDAK,TOOPRAN,TOOPRAN,KALKALL,MUPPUREDDYPALLY,EV CHARGING STATIONS,9,1,1.0,1531.0,54.0
MEDAK,TOOPRAN,TOOPRAN,MASAIPET,MASAIPET,EV CHARGING STATIONS,9,3,3.0,4860.0,227.0
MEDCHAL,MEDCHAL,SHAMEERPET,ALIABAD,MURAHARIPALLY,EV CHARGING STATIONS,9,1,1.0,38.0,54.0
MEDCHAL,MEDCHAL,SHAMEERPET,ALIABAD,THURKAPALLY,EV CHARGING STATIONS,9,2,2.0,12661.0,108.0
MEDCHAL,MEDCHAL,SHAMEERPET,SHAMEERPET,SHAMEERPET,EV CHARGING STATIONS,9,2,2.0,188.0,62.0
MEDCHAL,MEDCHAL,SHAMEERPET,SHAMEERPET,THUMUKUNTA,EV CHARGING STATIONS,9,2,2.0,5212.0,94.0
MEDCHAL,MEDCHAL,MEDCHAL,MEDCHAL TOWN,HV INDUSTRIAL AREA ,EV CHARGING STATIONS,9,1,1.0,29.0,61.0
MEDCHAL,MEDCHAL,MEDCHAL,MEDCHAL TOWN,HV TOWN,EV CHARGING STATIONS,9,1,1.0,3475.0,54.0
MEDCHAL,MEDCHAL,MEDCHAL,GUNDLAPOCHAMPALLY,HIGH VALUE,EV CHARGING STATIONS,9,1,1.0,9173.0,40.0
MEDCHAL,MEDCHAL,MEDCHAL,GUNDLAPOCHAMPALLY,KANDLAKOYA,EV CHARGING STATIONS,9,1,1.0,59.0,60.0
MEDCHAL,MEDCHAL,MEDCHAL,MEDCHAL RURAL,ATTIVELLY HV,EV CHARGING STATIONS,9,2,2.0,5060.0,75.0
MEDCHAL,MEDCHAL,SHAMEERPET,ALIABAD,MAJEEDPUR,EV CHARGING STATIONS,9,1,1.0,3.0,54.0
MEDCHAL,KUKATPALLY,MIYAPUR,BACHUPALLY,CT&HV,EV CHARGING STATIONS,9,4,3.0,5766.0,193.0
MEDCHAL,MEDCHAL,QUTBULLAPUR,KOMPALLY,DHOLARI DHANI & POCHAMMA GADDA,EV CHARGING STATIONS,9,1,1.0,0.0,30.0
MEDCHAL,MEDCHAL,QUTBULLAPUR,QUTHBULLAPUR,QPUR VILLAGE AUTOSTAND,EV CHARGING STATIONS,9,1,,0.0,2.0
MEDCHAL,MEDCHAL,QUTBULLAPUR,QUTHBULLAPUR,QUTHBULLAPUR,EV CHARGING STATIONS,9,1,1.0,7428.0,54.0
MEDCHAL,MEDCHAL,QUTBULLAPUR,JAGADGIRI GUTTA,DEVAMMA BASTHI,EV CHARGING STATIONS,9,1,,0.0,2.0
MEDCHAL,MEDCHAL,QUTBULLAPUR,JAGADGIRI GUTTA,HIGH VALUE,EV CHARGING STATIONS,9,1,1.0,10507.0,54.0
MEDCHAL,JEEDIMETLA,JEEDIMETLA,PRAGATHI NAGAR,SRR HIGHT ROOT,EV CHARGING STATIONS,9,1,1.0,0.0,74.0
MEDCHAL,MEDCHAL,QUTBULLAPUR,KOMPALLY,KOMPALLY,EV CHARGING STATIONS,9,1,1.0,24613.0,53.0
MEDCHAL,KUKATPALLY,MIYAPUR,MIYAPUR,MIYAPUR CT,EV CHARGING STATIONS,9,1,1.0,4.0,54.0
MEDCHAL,MEDCHAL,QUTBULLAPUR,KOMPALLY,KOMPALLY HV,EV CHARGING STATIONS,9,1,1.0,4342.0,22.0
MEDCHAL,JEEDIMETLA,JEEDIMETLA,BOWRAMPET,BOWRAMPET HV,EV CHARGING STATIONS,9,1,1.0,0.0,54.0
MEDCHAL,JEEDIMETLA,SHAPUR NAGAR,D P PALLY,D.P.PALLY HV(GRP M),EV CHARGING STATIONS,9,1,1.0,5351.0,54.0
MEDCHAL,KUKATPALLY,MIYAPUR,NIZAMPET,NIZAMPET CT,EV CHARGING STATIONS,9,1,1.0,160.0,45.0
MEDCHAL,JEEDIMETLA,JEEDIMETLA,BOWRAMPET,HV GM  TO SR X ROAD,EV CHARGING STATIONS,9,2,2.0,3881.0,99.0
MEDCHAL,KUKATPALLY,MIYAPUR,BACHUPALLY,SRI SAI NAGAR,EV CHARGING STATIONS,9,1,1.0,752.0,8.0
MEDCHAL,KUKATPALLY,MIYAPUR,VEMANA COLONY,CTMETER,EV CHARGING STATIONS,9,1,1.0,0.0,20.0
MEDCHAL,JEEDIMETLA,SHAPUR NAGAR,D P PALLY,GAGILAPUR HV(GRP M),EV CHARGING STATIONS,9,2,2.0,1863.0,108.0
MEDCHAL,MEDCHAL,QUTBULLAPUR,PETBASHEERABAD,JEEDIMETLA HV,EV CHARGING STATIONS,9,1,1.0,0.0,54.0
MEDCHAL,KUKATPALLY,MIYAPUR,HYDERNAGAR,B K ENCLAVE,EV CHARGING STATIONS,9,1,1.0,6485.0,34.0
MEDCHAL,KUKATPALLY,MIYAPUR,HYDERNAGAR,HYDERNAGAR,EV CHARGING STATIONS,9,1,1.0,43590.0,91.0
MEDCHAL,KUKATPALLY,MIYAPUR,HYDERNAGAR,HYDERNAGAR CT METERS,EV CHARGING STATIONS,9,1,1.0,1.0,18.0
MEDCHAL,KUKATPALLY,KUKATPALLY,ALLWYN COLONY,V. NAGAR,EV CHARGING STATIONS,9,1,1.0,3937.0,31.0
MEDCHAL,MEDCHAL,QUTBULLAPUR,PETBASHEERABAD,PET BASHEERABAD,EV CHARGING STATIONS,9,2,2.0,8842.0,108.0
MEDCHAL,KUKATPALLY,KUKATPALLY,BHAGYA NAGAR,CT METERS,EV CHARGING STATIONS,9,2,2.0,10969.0,108.0
MEDCHAL,MEDCHAL,QUTBULLAPUR,GAJULARAMARAM,HV GAJULARAMARAM,EV CHARGING STATIONS,9,2,2.0,233.0,108.0
MEDCHAL,KUKATPALLY,KUKATPALLY,BHAGYA NAGAR,HMT COLONY,EV CHARGING STATIONS,9,1,1.0,0.0,54.0
MEDCHAL,JEEDIMETLA,JEEDIMETLA,JEEDIMETLA(IDA),I D A,EV CHARGING STATIONS,9,1,1.0,1277.0,54.0
MEDCHAL,MEDCHAL,QUTBULLAPUR,GAJULARAMARAM,MAHADEVAPURAM,EV CHARGING STATIONS,9,1,1.0,10395.0,54.0
MEDCHAL,KUKATPALLY,KUKATPALLY,KUKATPALLY, NON CT (KKP),EV CHARGING STATIONS,9,1,,0.0,22.0
MEDCHAL,JEEDIMETLA,SHAPUR NAGAR,SHAPURNAGAR,IDA JEEDIMETLA,EV CHARGING STATIONS,9,1,1.0,6708.0,54.0
MEDCHAL,KUKATPALLY,KUKATPALLY,KUKATPALLY,HVCT KKP,EV CHARGING STATIONS,9,1,1.0,6947.0,50.0
MEDCHAL,JEEDIMETLA,SHAPUR NAGAR,SHAPURNAGAR,PHASE-4 IDA JEEDIMETLA,EV CHARGING STATIONS,9,1,1.0,5244.0,54.0
MEDCHAL,JEEDIMETLA,SHAPUR NAGAR,SHAPURNAGAR,SRI RAM NAGAR COLONY,EV CHARGING STATIONS,9,1,,0.0,54.0
MEDCHAL,MEDCHAL,QUTBULLAPUR,KOMPALLY,AMR ROAD CENTRAL PARK,EV CHARGING STATIONS,9,1,1.0,5659.0,38.0
NAGARKURNOOL,NAGARKURNOOL,ACHAMPET,ACHAMPET,ACHAMPET CT METERS,EV CHARGING STATIONS,9,3,3.0,447.0,228.0
NAGARKURNOOL,NAGARKURNOOL,ACHAMPET,ACHAMPET,CHANDAPUR,EV CHARGING STATIONS,9,1,1.0,2950.0,60.0
NAGARKURNOOL,NAGARKURNOOL,ACHAMPET,AMARABAD,MANNANOOR,EV CHARGING STATIONS,9,2,2.0,2647.0,122.0
NAGARKURNOOL,NAGARKURNOOL,KALWAKURTHY,KALWAKURTHY,KALWAKURTHY(HV),EV CHARGING STATIONS,9,2,2.0,0.0,120.0
NAGARKURNOOL,NAGARKURNOOL,NAGARKURNOOL,BIJINAPALLY,RAMIREDDY PALLY-BJ,EV CHARGING STATIONS,9,1,1.0,0.0,60.0
NAGARKURNOOL,NAGARKURNOOL,KALWAKURTHY,KALWAKURTHY,MARCHALA,EV CHARGING STATIONS,9,1,1.0,4781.0,54.0
NAGARKURNOOL,NAGARKURNOOL,KOLLAPUR,KOLLAPUR,KOLLAPUR,EV CHARGING STATIONS,9,1,1.0,68.0,60.0
NAGARKURNOOL,NAGARKURNOOL,KALWAKURTHY,KALWAKURTHY,TANDRA,EV CHARGING STATIONS,9,1,1.0,4585.0,60.0
NAGARKURNOOL,NAGARKURNOOL,NAGARKURNOOL,NAGARKURNOOL,HOUSING BOARD,EV CHARGING STATIONS,9,1,1.0,5554.0,54.0
NAGARKURNOOL,NAGARKURNOOL,KALWAKURTHY,VANGOOR,VELUMALA PALLY,EV CHARGING STATIONS,9,1,1.0,1749.0,54.0
NALGONDA,MIRYALGUDA,MIRYALGUDA,MIRYALAGUDA TOWN-I,MIRYALAGUDA HV,EV CHARGING STATIONS,9,1,1.0,8.0,54.0
NALGONDA,MIRYALGUDA,VEMULAPALLY,DAMARACHARLA,DAMERACHERLA,EV CHARGING STATIONS,9,1,1.0,0.0,54.0
NALGONDA,DEVARAKONDA,NAMPALLY,CHINTHAPALLI,CHINTHAPALLY X ROAD,EV CHARGING STATIONS,9,1,1.0,0.0,54.0
NALGONDA,DEVARAKONDA,NAMPALLY,CHINTHAPALLI,GODIKONDLA,EV CHARGING STATIONS,9,1,1.0,1313.0,54.0
NALGONDA,MIRYALGUDA,MIRYALGUDA,MIRYALAGUDA(RURAL),GUDUR,EV CHARGING STATIONS,9,2,2.0,1596.0,108.0
NALGONDA,MIRYALGUDA,MIRYALGUDA,MIRYALAGUDA(RURAL),KISTAPURAM,EV CHARGING STATIONS,9,1,1.0,0.0,54.0
NALGONDA,MIRYALGUDA,VEMULAPALLY,VEMULAPALLY,SETTI PALEM,EV CHARGING STATIONS,9,1,1.0,4713.0,60.0
NALGONDA,DEVARAKONDA,NAMPALLY,CHINTHAPALLI,TEEDED,EV CHARGING STATIONS,9,1,1.0,0.0,54.0
NALGONDA,MIRYALGUDA,MIRYALGUDA,MIRYALAGUDA(RURAL),YADAGARPALLY,EV CHARGING STATIONS,9,1,1.0,0.0,54.0
NALGONDA,MIRYALGUDA,VEMULAPALLY,MADUGULAPALLY,KOTTAGUDEM,EV CHARGING STATIONS,9,1,1.0,0.0,43.0
NALGONDA,DEVARAKONDA,DEVARAKONDA,DEVARAKONDA,DEVARAKONDA,EV CHARGING STATIONS,9,1,1.0,4808.0,60.0
NALGONDA,DEVARAKONDA,DEVARAKONDA,KONDA MALLEPALLY,SAGAR ROAD JP,EV CHARGING STATIONS,9,1,1.0,2217.0,30.0
NALGONDA,MIRYALGUDA,HALIA,PEDAVURA,PEDDAVOORA,EV CHARGING STATIONS,9,1,1.0,0.0,54.0
NALGONDA,MIRYALGUDA,HALIA,HALIYA,HALIA ,EV CHARGING STATIONS,9,1,1.0,0.0,54.0
NALGONDA,NALGONDA,NAKREKAL,KETHAPALLI,UPPALAPAHAD,EV CHARGING STATIONS,9,1,1.0,12220.0,150.0
NALGONDA,NALGONDA,NAKREKAL,NAKREKAL,NAKREKAL TOWN D,EV CHARGING STATIONS,9,1,1.0,0.0,54.0
NALGONDA,NALGONDA,NAKREKAL,KATTANGUR,KATTANGUR,EV CHARGING STATIONS,9,2,2.0,90.0,108.0
NALGONDA,NALGONDA,NAKREKAL,SHALIGOWRARAM,MADARAM,EV CHARGING STATIONS,9,1,1.0,29.0,54.0
NALGONDA,NALGONDA,NAKREKAL,KATTANGUR,PAMANGUNDLA,EV CHARGING STATIONS,9,2,2.0,1251.0,48.0
NALGONDA,NALGONDA,NAKREKAL,KETHAPALLI,CHEEKATIGUDEM,EV CHARGING STATIONS,9,1,1.0,329.0,54.0
NALGONDA,NALGONDA,NAKREKAL,KETHAPALLI,INUPAMULA,EV CHARGING STATIONS,9,1,1.0,0.0,54.0
NALGONDA,NALGONDA,NALGONDA RURAL,THIPPARTHY,THIPPARTHY,EV CHARGING STATIONS,9,1,1.0,0.0,54.0
NALGONDA,NALGONDA,NALGONDA,NALGONDA - TOWN II,NALGONDA-GANDHINAGAR,EV CHARGING STATIONS,9,1,1.0,10.0,54.0
NALGONDA,NALGONDA,NALGONDA,NALGONDA TOWN III,GANDHAMVARIGUDA,EV CHARGING STATIONS,9,1,1.0,0.0,25.0
NALGONDA,NALGONDA,NALGONDA,NALGONDA TOWN III,NALGONDA-DVK ROAD,EV CHARGING STATIONS,9,1,1.0,2557.0,30.0
NALGONDA,NALGONDA,NALGONDA RURAL,NARKETPALLY,GOPALAIPALLY,EV CHARGING STATIONS,9,1,1.0,16591.0,54.0
NALGONDA,NALGONDA,NALGONDA RURAL,NARKETPALLY,GOPLAIPALLY,EV CHARGING STATIONS,9,2,2.0,4919.0,108.0
NALGONDA,NALGONDA,NALGONDA RURAL,CHITYAL,CHITYALA(HQ)- A,EV CHARGING STATIONS,9,2,2.0,0.0,108.0
NALGONDA,NALGONDA,NALGONDA RURAL,NARKETPALLY,NARKETPALLY TOWN1,EV CHARGING STATIONS,9,1,1.0,23.0,54.0
NALGONDA,NALGONDA,NALGONDA RURAL,NARKETPALLY,NARKETPALLY TOWN2,EV CHARGING STATIONS,9,1,1.0,0.0,18.0
NALGONDA,NALGONDA,NALGONDA RURAL,CHITYAL,GUNDRAMPALLY,EV CHARGING STATIONS,9,3,3.0,1447.0,104.0
NALGONDA,NALGONDA,NALGONDA RURAL,CHITYAL,PEDDAKAPARTHY,EV CHARGING STATIONS,9,3,3.0,6470.0,192.0
NALGONDA,NALGONDA,NALGONDA RURAL,CHITYAL,VATTIMARTHY,EV CHARGING STATIONS,9,1,1.0,3063.0,60.0
NALGONDA,NALGONDA,NALGONDA RURAL,CHITYAL,VELIMINEDU,EV CHARGING STATIONS,9,1,1.0,0.0,54.0
NALGONDA,NALGONDA,NALGONDA RURAL,THIPPARTHY,A.D.PALLY,EV CHARGING STATIONS,9,1,1.0,0.0,54.0
NALGONDA,NALGONDA,NALGONDA RURAL,THIPPARTHY,J.R.GUDA,EV CHARGING STATIONS,9,1,1.0,0.0,54.0
RAJENDRA NAGAR,SHADNAGAR,KOTHUR,KOTHUR,THIMMAPUR-KT,EV CHARGING STATIONS,9,1,1.0,33.0,54.0
RAJENDRA NAGAR,SHADNAGAR,KOTHUR,NANDIGAMA,NANDIGAMA-KT,EV CHARGING STATIONS,9,2,2.0,0.0,108.0
RAJENDRA NAGAR,SHADNAGAR,SHADNAGAR,SHADNAGAR RURAL,CT METERS SDNR RURAL,EV CHARGING STATIONS,9,4,4.0,8066.0,170.0
RAJENDRA NAGAR,SHADNAGAR,SHADNAGAR,SHADNAGAR RURAL,RAIKAL,EV CHARGING STATIONS,9,1,1.0,550.0,60.0
RAJENDRA NAGAR,KANDUKUR,MAMIDIPALLY,MAHESHWARAM,IMAMGUDA,EV CHARGING STATIONS,9,1,1.0,809.0,15.0
RAJENDRA NAGAR,RAJENDRA NAGAR,RAJENDRANAGAR,RAJENDERNAGAR,UPPER PALLY VILLAGE,EV CHARGING STATIONS,9,1,1.0,0.0,5.0
RAJENDRA NAGAR,RAJENDRA NAGAR,RAJENDRANAGAR,SHIVARAM PALLY,HV PREMAVATHIPET,EV CHARGING STATIONS,9,1,1.0,6305.0,54.0
RAJENDRA NAGAR,KANDUKUR,AMANGAL,KADTHAL,KADTHAL,EV CHARGING STATIONS,9,1,1.0,0.0,54.0
RAJENDRA NAGAR,RAJENDRA NAGAR,GAGANPAHAD,GAGANPAHAD,GAGANPAHAD,EV CHARGING STATIONS,9,3,3.0,2408.0,130.0
RAJENDRA NAGAR,RAJENDRA NAGAR,GAGANPAHAD,MD PALLY,E.BANDLAGUDA,EV CHARGING STATIONS,9,1,1.0,2700.0,49.0
RAJENDRA NAGAR,RAJENDRA NAGAR,GAGANPAHAD,MD PALLY,MAILRADEVPALLY,EV CHARGING STATIONS,9,2,2.0,385.0,94.0
RAJENDRA NAGAR,RAJENDRA NAGAR,RAJENDRANAGAR,SHIVARAM PALLY,HV SHIVARAMPALLY,EV CHARGING STATIONS,9,1,1.0,8028.0,54.0
RAJENDRA NAGAR,RAJENDRA NAGAR,GAGANPAHAD,GAGANPAHAD,SATAMRAI,EV CHARGING STATIONS,9,1,1.0,2.0,54.0
RAJENDRA NAGAR,KANDUKUR,MAMIDIPALLY,BALAPUR,ERRAKUNTA,EV CHARGING STATIONS,9,1,1.0,0.0,54.0
RAJENDRA NAGAR,RAJENDRA NAGAR,GAGANPAHAD,MD PALLY,URRAM GADDA,EV CHARGING STATIONS,9,1,1.0,2753.0,5.0
RAJENDRA NAGAR,RAJENDRA NAGAR,GAGANPAHAD,SHASTRIPURAM,HV BABULREDDYNAGAR,EV CHARGING STATIONS,9,1,1.0,0.0,54.0
RAJENDRA NAGAR,RAJENDRA NAGAR,SHAMSHABAD,SHAMSHABAD,R B NAGAR&MADHURANGER HV,EV CHARGING STATIONS,9,3,3.0,15309.0,162.0
RAJENDRA NAGAR,RAJENDRA NAGAR,GAGANPAHAD,SHASTRIPURAM,SHASTRIPURAM,EV CHARGING STATIONS,9,1,1.0,0.0,5.0
RAJENDRA NAGAR,RAJENDRA NAGAR,RAJENDRANAGAR,HIMAYAT SAGAR,CT METERS HIMAYATHSAGAR,EV CHARGING STATIONS,9,1,,0.0,54.0
RAJENDRA NAGAR,RAJENDRA NAGAR,SHAMSHABAD,SHAMSHABAD,SHAMSHABAD,EV CHARGING STATIONS,9,1,1.0,2529.0,49.0
RAJENDRA NAGAR,KANDUKUR,MAMIDIPALLY,BALAPUR,SHAHEEN NAGAR II,EV CHARGING STATIONS,9,1,1.0,0.0,15.0
RAJENDRA NAGAR,RAJENDRA NAGAR,SHAMSHABAD,SHAPOOR,PALMAKOLE,EV CHARGING STATIONS,9,1,1.0,0.0,54.0
RAJENDRA NAGAR,KANDUKUR,AMANGAL,AMANGAL,AMANGAL(HV),EV CHARGING STATIONS,9,3,3.0,2373.0,167.0
RAJENDRA NAGAR,RAJENDRA NAGAR,SHAMSHABAD,SHAPOOR,SHAPOOR,EV CHARGING STATIONS,9,1,1.0,7880.0,54.0
RAJENDRA NAGAR,KANDUKUR,MAMIDIPALLY,MAHESHWARAM,SRINAGAR,EV CHARGING STATIONS,9,3,3.0,1730.0,138.0
RAJENDRA NAGAR,KANDUKUR,MAMIDIPALLY,KANDUKUR,CT SERVICES,EV CHARGING STATIONS,9,2,2.0,4022.0,108.0
RAJENDRA NAGAR,RAJENDRA NAGAR,RAJENDRANAGAR,KISMATPUR,BUNDLAGUDA VILLAGE,EV CHARGING STATIONS,9,1,1.0,1694.0,10.0
RAJENDRA NAGAR,KANDUKUR,MAMIDIPALLY,KANDUKUR,HV-2,EV CHARGING STATIONS,9,1,1.0,135.0,15.0
RAJENDRA NAGAR,KANDUKUR,MAMIDIPALLY,MAHESHWARAM,THUMMALOOR,EV CHARGING STATIONS,9,2,2.0,3383.0,69.0
RAJENDRA NAGAR,KANDUKUR,MAMIDIPALLY,PAHADISHARIFF,MAMIDIPALLY,EV CHARGING STATIONS,9,2,2.0,0.0,104.0
SANGAREDDY,SANGAREDDY,SANGAREDDY,SANGAREDDY TOWN-II,SHANTHI NAGAR,EV CHARGING STATIONS,9,1,1.0,92.0,54.0
SANGAREDDY,SANGAREDDY,ISNAPUR,ISNAPUR,AKHIL FORM (CHITKUL),EV CHARGING STATIONS,9,1,1.0,186.0,7.0
SANGAREDDY,SANGAREDDY,ISNAPUR,ISNAPUR,CHITKUL VILLAGE(CHITKUL),EV CHARGING STATIONS,9,1,1.0,179.0,3.0
SANGAREDDY,SANGAREDDY,ISNAPUR,ISNAPUR,ISNP HV-2,EV CHARGING STATIONS,9,6,5.0,14658.0,263.0
SANGAREDDY,ZAHEERABAD,ZAHEERABAD TOWN,KOHEER,DIGWAL,EV CHARGING STATIONS,9,2,2.0,926.0,84.0
SANGAREDDY,SANGAREDDY,ISNAPUR,KOLLUR,KYASARAM,EV CHARGING STATIONS,9,1,1.0,452.0,8.0
SANGAREDDY,SANGAREDDY,ISNAPUR,KOLLUR,NANDIGAMA,EV CHARGING STATIONS,9,1,1.0,0.0,54.0
SANGAREDDY,ZAHEERABAD,ZAHEERABAD TOWN,KOHEER,KOHEER,EV CHARGING STATIONS,9,1,1.0,0.0,54.0
SANGAREDDY,SANGAREDDY,SANGAREDDY,KANDI,KANDI,EV CHARGING STATIONS,9,1,1.0,1634.0,30.0
SANGAREDDY,SANGAREDDY,SANGAREDDY,KANDI,NEW KANDI,EV CHARGING STATIONS,9,1,1.0,15.0,54.0
SANGAREDDY,SANGAREDDY,SANGAREDDY,KANDI,OLD KANDI,EV CHARGING STATIONS,9,1,1.0,0.0,54.0
SANGAREDDY,ZAHEERABAD,ZAHEERABAD TOWN,MANNAPUR,C T METERS,EV CHARGING STATIONS,9,2,2.0,6428.0,85.04
SANGAREDDY,SANGAREDDY,SANGAREDDY,SANGAREDDY TOWN-I,FASALWADI,EV CHARGING STATIONS,9,1,1.0,0.0,54.0
SANGAREDDY,SANGAREDDY,SANGAREDDY,SANGAREDDY TOWN-I,HV-I,EV CHARGING STATIONS,9,1,1.0,79.0,30.0
SANGAREDDY,ZAHEERABAD,ZAHEERABAD TOWN,ZAHEERABAD RURAL,CT METERS,EV CHARGING STATIONS,9,2,2.0,4314.0,108.0
SANGAREDDY,SANGAREDDY,SADASIVPET,SADASIVPET RURAL,MADDIKUNTA,EV CHARGING STATIONS,9,1,1.0,3169.0,61.0
SANGAREDDY,PATANCHERU,PATANCHERU,PATANCHERU RURAL,AE SERVICES RURAL M SRISHAILAM,EV CHARGING STATIONS,9,1,,0.0,54.0
SANGAREDDY,SANGAREDDY,SADASIVPET,SADASIVPET RURAL,SURARAM,EV CHARGING STATIONS,9,1,1.0,920.0,30.0
SANGAREDDY,JOGIPET,JOGIPET,HATHNOORA,PALPANOOR,EV CHARGING STATIONS,9,1,1.0,0.0,54.0
SANGAREDDY,SANGAREDDY,SADASIVPET,KONDAPUR,KDPR HV 3,EV CHARGING STATIONS,9,2,2.0,1117.0,60.0
SANGAREDDY,SANGAREDDY,SADASIVPET,MUNIPALLY,BUDHERA,EV CHARGING STATIONS,9,2,2.0,3788.0,108.0
SANGAREDDY,PATANCHERU,PATANCHERU,PATANCHERU RURAL,SULTANPOOR,EV CHARGING STATIONS,9,1,,0.0,54.0
SANGAREDDY,SANGAREDDY,SADASIVPET,MUNIPALLY,KAMKOLE,EV CHARGING STATIONS,9,1,1.0,485.0,51.0
SANGAREDDY,PATANCHERU,PATANCHERU,PATANCHERU TOWN,PTC DIVISON,EV CHARGING STATIONS,9,1,1.0,4231.0,74.0
SANGAREDDY,PATANCHERU,PATANCHERU,PATANCHERU TOWN,SRI NAGAR COLONY,EV CHARGING STATIONS,9,1,1.0,659.0,8.0
SANGAREDDY,JOGIPET,JOGIPET,ANDOLE,ANDOLE,EV CHARGING STATIONS,9,1,1.0,995.0,30.0
SANGAREDDY,PATANCHERU,GUMMADIDALA,GADDAPOTHARAM,BONTHAPALLY (HV),EV CHARGING STATIONS,9,1,1.0,7494.0,54.0
SANGAREDDY,PATANCHERU,PATANCHERU,PATANCHERU TOWN,TOWN HV-2 SLI,EV CHARGING STATIONS,9,1,1.0,86.0,54.0
SANGAREDDY,PATANCHERU,PATANCHERU,PATANCHERU TOWN,TOWN HV-3 LI ,EV CHARGING STATIONS,9,1,1.0,2664.0,54.0
SANGAREDDY,PATANCHERU,PATANCHERU,AMEENPUR,CT METERS,EV CHARGING STATIONS,9,1,1.0,506.0,54.0
SANGAREDDY,PATANCHERU,RC PURAM,BEERAMGUDA,ASHOK NAGAR-2(BEERAMGUDA),EV CHARGING STATIONS,9,1,1.0,9233.0,54.0
SANGAREDDY,SANGAREDDY,SADASIVPET,SADASIVPET,PEDDAPUR,EV CHARGING STATIONS,9,1,1.0,0.0,31.0
SANGAREDDY,SANGAREDDY,SADASIVPET,SADASIVPET,SADASIVAPET TOWN,EV CHARGING STATIONS,9,1,1.0,76.0,54.0
SANGAREDDY,PATANCHERU,RC PURAM,M.I.G.,MIG HV,EV CHARGING STATIONS,9,2,2.0,15425.0,108.0
SANGAREDDY,JOGIPET,NARAYANKHED,NARAYANKHED,NARAYANKHED TOWN 2,EV CHARGING STATIONS,9,1,1.0,879.0,30.0
SAROORNAGAR,SAROORNAGAR,L B NAGAR,L.B.NAGAR,MANIPURI & MASS COLONY,EV CHARGING STATIONS,9,1,1.0,459.0,13.0
SAROORNAGAR,SAROORNAGAR,HAYATHNAGAR,AUTONAGAR,CHANDRAPURI COLONY,EV CHARGING STATIONS,9,1,1.0,15821.0,65.0
SAROORNAGAR,SAROORNAGAR,L B NAGAR,BANDLAGUDA,ADARSHNAGAR COLONY,EV CHARGING STATIONS,9,1,1.0,11459.0,54.0
SAROORNAGAR,SAROORNAGAR,L B NAGAR,BANDLAGUDA,ARUNODAYA COLONY-II,EV CHARGING STATIONS,9,1,1.0,3019.0,54.0
SAROORNAGAR,SAROORNAGAR,HAYATHNAGAR,AUTONAGAR,MALLIKARJUNA NAGAR,EV CHARGING STATIONS,9,1,1.0,6586.0,53.0
SAROORNAGAR,CHAMPAPET,VANASTHALIPURAM,BN REDDY NAGAR,PHASE5,EV CHARGING STATIONS,9,1,1.0,0.0,54.0
SAROORNAGAR,SAROORNAGAR,L B NAGAR,BANDLAGUDA,BANDLAGUDA,EV CHARGING STATIONS,9,1,1.0,0.0,18.0
SAROORNAGAR,SAROORNAGAR,HAYATHNAGAR,AUTONAGAR,PATRIKEYA NAGAR,EV CHARGING STATIONS,9,1,1.0,6829.0,54.0
SAROORNAGAR,SAROORNAGAR,HAYATHNAGAR,PEDDA AMBERPET,PEDDA AMBERPET HIGHWAY 6328,EV CHARGING STATIONS,9,1,1.0,4848.0,54.0
SAROORNAGAR,SAROORNAGAR,SAROORNAGAR,RAMAKRISHNAPURAM,NEW INDIRA NAGAR,EV CHARGING STATIONS,9,1,1.0,1828.0,54.0
SAROORNAGAR,SAROORNAGAR,SAROORNAGAR,RAMAKRISHNAPURAM,NEW NAGOLE,EV CHARGING STATIONS,9,1,1.0,6092.0,54.0
SAROORNAGAR,SAROORNAGAR,HAYATHNAGAR,AUTONAGAR,SARSWATHI NAGAR COLONY,EV CHARGING STATIONS,9,1,1.0,16.0,54.0
SAROORNAGAR,SAROORNAGAR,HAYATHNAGAR,AUTONAGAR,SRINIVASA NAGAR,EV CHARGING STATIONS,9,1,1.0,6389.0,21.0
SAROORNAGAR,SAROORNAGAR,HAYATHNAGAR,AUTONAGAR,SURYODAYANAGAR COL,EV CHARGING STATIONS,9,1,1.0,14273.0,53.0
SAROORNAGAR,SAROORNAGAR,HAYATHNAGAR,PEDDA AMBERPET,SAI COLONY RD 1 2 3 4 5 & 6317,EV CHARGING STATIONS,9,1,1.0,30.0,54.0
SAROORNAGAR,SAROORNAGAR,L B NAGAR,BANDLAGUDA,ROCK TOWN-II,EV CHARGING STATIONS,9,1,1.0,11497.0,54.0
SAROORNAGAR,SAROORNAGAR,L B NAGAR,BANDLAGUDA,SAI NAGAR COLONY-3,EV CHARGING STATIONS,9,1,1.0,24489.0,53.0
SAROORNAGAR,SAROORNAGAR,SAROORNAGAR,RAMAKRISHNAPURAM,VIJAYA PURI,EV CHARGING STATIONS,9,2,2.0,14844.0,108.0
SAROORNAGAR,SAROORNAGAR,SAROORNAGAR,SAROORNAGAR,CT METERS,EV CHARGING STATIONS,9,2,2.0,36556.0,107.0
SAROORNAGAR,CHAMPAPET,VANASTHALIPURAM,VANASTHALIPURAM,GOUTHAMI NAGAR,EV CHARGING STATIONS,9,1,1.0,16078.0,79.0
SAROORNAGAR,SAROORNAGAR,L B NAGAR,BANDLAGUDA,SRINIVASA HILLS,EV CHARGING STATIONS,9,1,1.0,2697.0,54.0
SAROORNAGAR,SAROORNAGAR,L B NAGAR,BANDLAGUDA,TYAGA RAYA NAGAR,EV CHARGING STATIONS,9,1,1.0,2759.0,54.0
SAROORNAGAR,SAROORNAGAR,L B NAGAR,BANDLAGUDA,VIJAYA GARDEN,EV CHARGING STATIONS,9,1,1.0,1525.0,65.0
SAROORNAGAR,CHAMPAPET,VANASTHALIPURAM,VANASTHALIPURAM,NGO S COLONY,EV CHARGING STATIONS,9,2,2.0,14976.0,108.0
SAROORNAGAR,CHAMPAPET,VANASTHALIPURAM,VANASTHALIPURAM,NGOS COLONY SECTOR III,EV CHARGING STATIONS,9,1,1.0,0.0,54.0
SAROORNAGAR,SAROORNAGAR,HAYATHNAGAR,HAYATH NAGAR,R K PURAM,EV CHARGING STATIONS,9,1,1.0,725.0,30.0
SAROORNAGAR,CHAMPAPET,VANASTHALIPURAM,VANASTHALIPURAM,R.S.S.GROUNDS,EV CHARGING STATIONS,9,1,1.0,7416.0,54.0
SAROORNAGAR,CHAMPAPET,VANASTHALIPURAM,BAIRAMALGUDA,SAGAR ENCLAVE,EV CHARGING STATIONS,9,1,1.0,20630.0,53.0
SAROORNAGAR,CHAMPAPET,VANASTHALIPURAM,VANASTHALIPURAM,"SECTOR-5,NGOS COLONY",EV CHARGING STATIONS,9,1,1.0,2730.0,54.0
SAROORNAGAR,SAROORNAGAR,L B NAGAR,L.B.NAGAR,S B H COLONY (V-1),EV CHARGING STATIONS,9,1,1.0,0.0,54.0
SAROORNAGAR,CHAMPAPET,VANASTHALIPURAM,VANASTHALIPURAM,VIJAYAPURI COLONY PHASE - I,EV CHARGING STATIONS,9,1,1.0,3634.0,54.0
SAROORNAGAR,SAROORNAGAR,HAYATHNAGAR,PEDDA AMBERPET,BALJAGUDA & JANACHATANIAH 6319,EV CHARGING STATIONS,9,1,1.0,1692.0,22.0
SAROORNAGAR,CHAMPAPET,VANASTHALIPURAM,BAIRAMALGUDA,VIVEKANANDA NAGAR,EV CHARGING STATIONS,9,1,1.0,63.0,54.0
SAROORNAGAR,CHAMPAPET,VANASTHALIPURAM,BAIRAMALGUDA,YASHODA NAGAR,EV CHARGING STATIONS,9,1,1.0,7196.0,54.0
SAROORNAGAR,SAROORNAGAR,L B NAGAR,L.B.NAGAR,HV-1,EV CHARGING STATIONS,9,1,1.0,881.0,13.0
SAROORNAGAR,SAROORNAGAR,L B NAGAR,L.B.NAGAR,JINKALA BAVI,EV CHARGING STATIONS,9,1,1.0,3087.0,54.0
SAROORNAGAR,SAROORNAGAR,L B NAGAR,L.B.NAGAR,KRISHNA NAGAR-,EV CHARGING STATIONS,9,1,1.0,1.0,7.0
SAROORNAGAR,IBRAHIMPATNAM,TURKAYAMJAL,ABDULLAPURMET,JAFFAR GUDA,EV CHARGING STATIONS,9,1,1.0,0.0,54.0
SAROORNAGAR,IBRAHIMPATNAM,IBRAHIMPATNAM,ADIBATLA,M. P. PATEL GUDA,EV CHARGING STATIONS,9,1,1.0,1.0,54.0
SAROORNAGAR,IBRAHIMPATNAM,IBRAHIMPATNAM,ADIBATLA,MANGAL PALLY,EV CHARGING STATIONS,9,1,1.0,8.0,54.0
SAROORNAGAR,IBRAHIMPATNAM,TURKAYAMJAL,ABDULLAPURMET,KOTHA GUDA,EV CHARGING STATIONS,9,1,1.0,1445.0,54.0
SAROORNAGAR,IBRAHIMPATNAM,TURKAYAMJAL,ABDULLAPURMET,OUTER RING ROAD,EV CHARGING STATIONS,9,2,2.0,83.0,108.0
SAROORNAGAR,IBRAHIMPATNAM,TURKAYAMJAL,INJAPUR,INJAPUR,EV CHARGING STATIONS,9,2,2.0,251.0,84.0
SAROORNAGAR,IBRAHIMPATNAM,IBRAHIMPATNAM,IBRAHIMPATNAM,IBRAHIMPATNAM,EV CHARGING STATIONS,9,1,1.0,128.0,54.0
SAROORNAGAR,IBRAHIMPATNAM,TURKAYAMJAL,ABDULLAPURMET,ABDULLA PUR METT,EV CHARGING STATIONS,9,2,2.0,6042.0,108.0
SAROORNAGAR,IBRAHIMPATNAM,TURKAYAMJAL,ABDULLAPURMET,BATA SINGARAM,EV CHARGING STATIONS,9,1,1.0,732.0,30.0
SAROORNAGAR,IBRAHIMPATNAM,TURKAYAMJAL,ABDULLAPURMET,BATASINGARAM,EV CHARGING STATIONS,9,1,1.0,0.0,54.0
SAROORNAGAR,IBRAHIMPATNAM,TURKAYAMJAL,TURKAYAMZAL,MANNE GUDA,EV CHARGING STATIONS,9,1,1.0,0.0,54.0
SAROORNAGAR,IBRAHIMPATNAM,TURKAYAMJAL,TURKAYAMZAL,NADERGUL,EV CHARGING STATIONS,9,1,1.0,808.0,30.0
SAROORNAGAR,IBRAHIMPATNAM,IBRAHIMPATNAM,ADIBATLA,ADIBATLA,EV CHARGING STATIONS,9,2,2.0,19213.0,202.0
SAROORNAGAR,IBRAHIMPATNAM,IBRAHIMPATNAM,ADIBATLA,CHINTA PALLY GUDA,EV CHARGING STATIONS,9,1,1.0,58.0,54.0
SAROORNAGAR,IBRAHIMPATNAM,TURKAYAMJAL,TURKAYAMZAL,PATI GUDA,EV CHARGING STATIONS,9,1,1.0,11623.0,54.0
SAROORNAGAR,CHAMPAPET,CHAMPAPET,BADANGPET,CT METERS,EV CHARGING STATIONS,9,6,5.0,14980.0,324.0
SAROORNAGAR,CHAMPAPET,CHAMPAPET,MEERPET,MEERPET JILLELGUDA CT METERS,EV CHARGING STATIONS,9,2,2.0,8700.0,108.0
SAROORNAGAR,CHAMPAPET,CHAMPAPET,CHAMPAPET,HV CPT SOUTH,EV CHARGING STATIONS,9,1,1.0,284.0,22.0
SAROORNAGAR,CHAMPAPET,CHAMPAPET,CHAMPAPET,S N REDDY NAGAR,EV CHARGING STATIONS,9,1,1.0,11.0,30.0
SAROORNAGAR,CHAMPAPET,CHAMPAPET,LENIN NAGAR,BADANGPET,EV CHARGING STATIONS,9,2,1.0,686.0,108.0
SECUNDERABAD,BOWENPALLY,RR NAGAR,I.D.P.L.,PRASHANTH NAGAR CLY (GRP-B),EV CHARGING STATIONS,9,2,2.0,61.0,4.0
SECUNDERABAD,BOWENPALLY,BALANAGAR,BALANAGAR,SVCIE-CT METER (GRP-M),EV CHARGING STATIONS,9,1,1.0,2615.0,54.0
SECUNDERABAD,SECUNDERABAD,MAREDPALLY,KARKHANA,CT METERS KARKHANA (GRP-M),EV CHARGING STATIONS,9,1,1.0,0.0,54.0
SECUNDERABAD,BOWENPALLY,BALANAGAR,FEROZEGUDA,C.T.METER  GRC (GRP-M),EV CHARGING STATIONS,9,3,3.0,48168.0,229.0
SECUNDERABAD,BOWENPALLY,RR NAGAR,RANGA REDDY NAGAR,ASBESTOS CLY-II 415-812(GRP-B),EV CHARGING STATIONS,9,1,1.0,0.0,2.0
SECUNDERABAD,BOWENPALLY,RR NAGAR,RANGA REDDY NAGAR,GIRI NAGAR (GRP-B),EV CHARGING STATIONS,9,1,,0.0,2.0
SECUNDERABAD,SECUNDERABAD,LALBAZAR,LALBAZAR,CT METERS (GRP-M),EV CHARGING STATIONS,9,1,1.0,11806.0,53.0
SECUNDERABAD,BOWENPALLY,BOWENPALLY,NEW BOWENPALLY,BORE-ST-GRC(AGL) (GRP-M),EV CHARGING STATIONS,9,1,1.0,7286.0,15.0
SECUNDERABAD,BOWENPALLY,RR NAGAR,RANGA REDDY NAGAR,RR NAGAR & PS COLONY (GRP-M),EV CHARGING STATIONS,9,1,1.0,2807.0,54.0
SECUNDERABAD,PARADISE,JAMES STREET,PARADISE,CT METERS,EV CHARGING STATIONS,9,3,3.0,34754.0,134.0
SECUNDERABAD,PARADISE,JAMES STREET,PARADISE,GRC HIGH VALUE  A,EV CHARGING STATIONS,9,1,1.0,97.0,10.0
SECUNDERABAD,SECUNDERABAD,MAREDPALLY,MARREDPALLY,CT METERS (GRP-M),EV CHARGING STATIONS,9,2,2.0,535.0,108.0
SECUNDERABAD,PARADISE,PADMA RAO NAGAR,TARNAKA,C T METERS,EV CHARGING STATIONS,9,4,4.0,58631.0,298.0
SECUNDERABAD,PARADISE,PADMA RAO NAGAR,TARNAKA,GOKUL NAGAR,EV CHARGING STATIONS,9,1,1.0,349.0,5.0
SECUNDERABAD,SECUNDERABAD,MAREDPALLY,MARREDPALLY,EAST MARRED PALLY (GRP-A),EV CHARGING STATIONS,9,1,1.0,143.0,8.0
SECUNDERABAD,PARADISE,PADMA RAO NAGAR,TARNAKA,GRC HV TARNAKA,EV CHARGING STATIONS,9,1,1.0,7885.0,10.0
SECUNDERABAD,BOWENPALLY,BOWENPALLY,OLD BOWENPALLY,CT METERS (GRP-M),EV CHARGING STATIONS,9,1,1.0,33289.0,53.0
SECUNDERABAD,PARADISE,PADMA RAO NAGAR,TARNAKA,RAVINDERA NAGAR NORTH,EV CHARGING STATIONS,9,1,1.0,3689.0,15.0
SECUNDERABAD,SECUNDERABAD,LALBAZAR,R.P. NILAYAM,HIGH VALVE-CT METERS (GRP-M),EV CHARGING STATIONS,9,3,3.0,37570.0,160.0
SECUNDERABAD,PARADISE,PADMA RAO NAGAR,LALLAGUDA,C T METERS,EV CHARGING STATIONS,9,2,2.0,21161.0,107.0
SECUNDERABAD,PARADISE,JAMES STREET,CLOCK TOWER,GRC HV CLOCK TOWER,EV CHARGING STATIONS,9,1,1.0,1.0,15.0
SECUNDERABAD,PARADISE,JAMES STREET,CLOCK TOWER,ONLY CT METERS,EV CHARGING STATIONS,9,2,2.0,9939.0,108.0
SECUNDERABAD,SECUNDERABAD,LALBAZAR,BOLLARUM,CT METERS (GRP-M),EV CHARGING STATIONS,9,1,1.0,1.0,54.0
SECUNDERABAD,BOWENPALLY,RR NAGAR,I.D.P.L.,GEETA NGR &VINAYAK NGR (GRP-M),EV CHARGING STATIONS,9,2,2.0,4943.0,35.0
SECUNDERABAD,PARADISE,PADMA RAO NAGAR,PADMARAO NAGAR,C T METERS,EV CHARGING STATIONS,9,1,1.0,6723.0,54.0
SECUNDERABAD,SECUNDERABAD,LALBAZAR,BOLLARUM,GRC HIGH VALUE (GRP-M),EV CHARGING STATIONS,9,1,,0.0,10.0
SECUNDERABAD,SECUNDERABAD,MAREDPALLY,GYMKHANA,CT METERS (GRP-M),EV CHARGING STATIONS,9,2,2.0,14373.0,94.0
SIDDIPET,SIDDIPET,DUBBAK,AKBARPET-BHOMPALLY,BHOOMPALLY,EV CHARGING STATIONS,9,1,1.0,6.0,54.0
SIDDIPET,SIDDIPET,SIDDIPET TOWN,SIDDIPET TOWN-I,AE TOWN-1-HV,EV CHARGING STATIONS,9,2,2.0,12469.0,108.0
SIDDIPET,SIDDIPET,SIDDIPET RURAL,MEDIPALLY,ANANTA SAGAR,EV CHARGING STATIONS,9,1,1.0,1697.0,54.0
SIDDIPET,SIDDIPET,SIDDIPET TOWN,SIDDIPET TOWN-II,ASST ENGINEER TOWN-II,EV CHARGING STATIONS,9,1,1.0,341.0,30.0
SIDDIPET,SIDDIPET,SIDDIPET RURAL,SIDDIPET URBAN,BURUGUPALLY,EV CHARGING STATIONS,9,1,,0.0,54.0
SIDDIPET,SIDDIPET,SIDDIPET RURAL,SIDDIPET URBAN,ENSANPALLY,EV CHARGING STATIONS,9,1,,0.0,54.0
SIDDIPET,SIDDIPET,SIDDIPET RURAL,SIDDIPET URBAN,PONNAL,EV CHARGING STATIONS,9,2,2.0,548.0,84.0
SIDDIPET,GAJWEL,MULUGU,WARGAL,GOWRARAM,EV CHARGING STATIONS,9,2,2.0,8805.0,108.0
SIDDIPET,GAJWEL,GAJWEL,GAJWEL,GAJWEL,EV CHARGING STATIONS,9,2,2.0,1.0,108.0
SIDDIPET,GAJWEL,GAJWEL,PREGNAPUR,KODAKANDLA,EV CHARGING STATIONS,9,1,1.0,1.0,54.0
SIDDIPET,GAJWEL,GAJWEL,PREGNAPUR,RIMMANAGUDA,EV CHARGING STATIONS,9,3,3.0,5367.0,133.0
SIDDIPET,GAJWEL,TUKKAPUR,KONDAPAK,THIMMAREDDY PALLY,EV CHARGING STATIONS,9,1,1.0,0.0,54.0
SIDDIPET,GAJWEL,MULUGU,MULUGU,CH.TIMMAPUR,EV CHARGING STATIONS,9,1,1.0,123.0,54.0
SIDDIPET,GAJWEL,TUKKAPUR,KONDAPAK,VELKATTA,EV CHARGING STATIONS,9,1,1.0,0.0,54.0
SURYAPET,SURYAPET,D NAGARAM,J.R.GUDEM,THIMAPUR.A,EV CHARGING STATIONS,9,1,1.0,29.0,54.0
SURYAPET,HUZURNAGAR,MUNAGALA,MOTHY,HUSSAINABAD,EV CHARGING STATIONS,9,1,1.0,0.0,54.0
SURYAPET,HUZURNAGAR,KODAD,KODAD - RURAL,DORAKUNTA,EV CHARGING STATIONS,9,2,2.0,1428.0,78.0
SURYAPET,SURYAPET,SURYAPET,SURYAPET TOWN-I,LI A,EV CHARGING STATIONS,9,3,3.0,3379.0,162.0
SURYAPET,SURYAPET,SURYAPET,SURYAPET TOWN-I,LI B,EV CHARGING STATIONS,9,1,1.0,17.0,15.0
SURYAPET,SURYAPET,SURYAPET RURAL,CHIVEMLA,UNDRUGONDA,EV CHARGING STATIONS,9,1,1.0,19.0,54.0
SURYAPET,SURYAPET,SURYAPET,SURYAPET TOWN-II,CT METER,EV CHARGING STATIONS,9,2,2.0,914.0,69.0
SURYAPET,HUZURNAGAR,KODAD,KODAD - RURAL,NALLABANDAGUDEM  A,EV CHARGING STATIONS,9,1,1.0,0.0,55.0
SURYAPET,HUZURNAGAR,KODAD,KODAD - RURAL,THAMMARA,EV CHARGING STATIONS,9,1,1.0,9.0,54.0
SURYAPET,HUZURNAGAR,KODAD,KODAD - TOWN,33/11KV SS OUTDOOR BACK SIDE A,EV CHARGING STATIONS,9,1,1.0,1486.0,30.0
SURYAPET,HUZURNAGAR,MUNAGALA,MUNAGALA,AKUPAMLA,EV CHARGING STATIONS,9,2,2.0,4360.0,113.0
SURYAPET,HUZURNAGAR,KODAD,KODAD - TOWN,BALAJI NAGAR ,EV CHARGING STATIONS,9,1,1.0,0.0,54.0
SURYAPET,HUZURNAGAR,MUNAGALA,MUNAGALA,MUKUNDAPURAM,EV CHARGING STATIONS,9,1,1.0,562.0,54.0
SURYAPET,HUZURNAGAR,MUNAGALA,MUNAGALA,TADVAI,EV CHARGING STATIONS,9,1,1.0,1243.0,54.0
SURYAPET,SURYAPET,SURYAPET,SURYAPET RURAL,IMAMPETA,EV CHARGING STATIONS,9,1,1.0,0.0,60.0
SURYAPET,SURYAPET,SURYAPET RURAL,CHIVEMLA,DURAJPALLY,EV CHARGING STATIONS,9,2,2.0,3663.0,108.0
SURYAPET,HUZURNAGAR,MUNAGALA,ANANTHAGIRI,SHANTHINAGAR,EV CHARGING STATIONS,9,1,1.0,1.0,54.0
SURYAPET,SURYAPET,SURYAPET,SURYAPET RURAL,PILLALAMARRY,EV CHARGING STATIONS,9,1,1.0,0.0,18.0
SURYAPET,SURYAPET,SURYAPET,SURYAPET RURAL,RAYANGUDEM,EV CHARGING STATIONS,9,4,4.0,28285.0,259.0
SURYAPET,HUZURNAGAR,HUZURNAGAR,HUZURNAGAR TOWN,REDDY BAZAR,EV CHARGING STATIONS,9,1,1.0,599.0,30.0
VIKARABAD,VIKARABAD,PARGI,PUDUR,GANGU PALLY,EV CHARGING STATIONS,9,1,1.0,4.0,54.0
VIKARABAD,VIKARABAD,PARGI,PARGI,PARGI HV,EV CHARGING STATIONS,9,2,2.0,0.0,108.0
WANAPARTHY,WANAPARTHY,KOTHAKOTA,PEBBAIR,RANGAPUR,EV CHARGING STATIONS,9,1,1.0,0.0,54.0
WANAPARTHY,WANAPARTHY,KOTHAKOTA,KOTHAKOTA,AMADABAKULA,EV CHARGING STATIONS,9,1,1.0,0.0,54.0
WANAPARTHY,WANAPARTHY,WANAPARTHY,WANAPARTHY RURA,NAGAVARAM,EV CHARGING STATIONS,9,1,1.0,3427.0,54.0
WANAPARTHY,WANAPARTHY,KOTHAKOTA,KOTHAKOTA,KANIMETTA,EV CHARGING STATIONS,9,2,2.0,918.0,80.0
WANAPARTHY,WANAPARTHY,KOTHAKOTA,KOTHAKOTA,MUMMALLAPALLY,EV CHARGING STATIONS,9,1,1.0,0.0,54.0
WANAPARTHY,WANAPARTHY,KOTHAKOTA,KOTHAKOTA,PALEM,EV CHARGING STATIONS,9,1,1.0,9.0,54.0
YADADRI,BHONGIR,BHONGIR,BHONGIR - TOWN,PAGIDIPALLY,EV CHARGING STATIONS,9,2,2.0,2448.0,108.0
YADADRI,BHONGIR,BHONGIR,BHONGIR - TOWN,SANJEEVA NAGAR HANMANWADA,EV CHARGING STATIONS,9,1,1.0,8889.0,60.0
YADADRI,BHONGIR,BHONGIR,BHONGIR _ RURAL,JAMMAPUR,EV CHARGING STATIONS,9,1,1.0,166.0,54.0
YADADRI,CHOUTUPPAL,RAMANNAPET,RAMANNAPET,B. CYCLE,EV CHARGING STATIONS,9,1,1.0,61.0,60.0
YADADRI,CHOUTUPPAL,RAMANNAPET,RAMANNAPET,BHOGARAM,EV CHARGING STATIONS,9,1,1.0,0.0,54.0
YADADRI,BHONGIR,BHONGIR,BHONGIR _ RURAL,RAIGIR ,EV CHARGING STATIONS,9,5,5.0,16864.0,251.38
YADADRI,BHONGIR,BHONGIR,BHONGIR _ RURAL,WADAIGUDEM,EV CHARGING STATIONS,9,1,1.0,722.0,55.0
YADADRI,BHONGIR,BIBINAGAR,BIBINAGAR,BIBINAGR HQ,EV CHARGING STATIONS,9,1,1.0,0.0,54.0
YADADRI,BHONGIR,BHONGIR,M.T.PALLY,MULAKALAPALLY,EV CHARGING STATIONS,9,1,1.0,0.0,54.0
YADADRI,BHONGIR,BIBINAGAR,BIBINAGAR,GUDOOR,EV CHARGING STATIONS,9,1,1.0,730.0,54.0
YADADRI,BHONGIR,BIBINAGAR,BIBINAGAR,KONDAMADUGU,EV CHARGING STATIONS,9,1,1.0,0.0,60.0
YADADRI,BHONGIR,BHONGIR,M.T.PALLY,VASALAMARRY,EV CHARGING STATIONS,9,1,1.0,58.0,54.0
YADADRI,BHONGIR,BHONGIR,BHONGIR - TOWN,BHONGIR(T),EV CHARGING STATIONS,9,3,3.0,4619.0,180.0
YADADRI,BHONGIR,BHONGIR,BHONGIR - TOWN,HANUMAPUR,EV CHARGING STATIONS,9,1,1.0,545.0,54.0
YADADRI,BHONGIR,ALER,ALAIR,BAHADURPET,EV CHARGING STATIONS,9,1,,0.0,120.0
YADADRI,BHONGIR,ALER,ALAIR,"JMJ SCHOOL,BERAPA TEMPLE,MILK ",EV CHARGING STATIONS,9,1,1.0,24.0,54.0
YADADRI,BHONGIR,ALER,ALAIR,TANGUTOOR,EV CHARGING STATIONS,9,1,1.0,1.0,54.0
YADADRI,CHOUTUPPAL,CHOUTUPPAL,CHOUTUPPAL,TOOFRAN PET,EV CHARGING STATIONS,9,3,3.0,2536.0,162.0
YADADRI,CHOUTUPPAL,CHOUTUPPAL,CHOUTUPPAL,LAKKARAM,EV CHARGING STATIONS,9,1,1.0,0.0,54.0
YADADRI,CHOUTUPPAL,CHOUTUPPAL,CHOUTUPPAL,LINGOJI GUDEM,EV CHARGING STATIONS,9,2,2.0,3802.0,94.0
YADADRI,CHOUTUPPAL,CHOUTUPPAL,CHOUTUPPAL,MALKAPOOR,EV CHARGING STATIONS,9,1,1.0,298.0,40.0
YADADRI,CHOUTUPPAL,CHOUTUPPAL,CHOUTUPPAL,PANTHANGI,EV CHARGING STATIONS,9,2,2.0,0.0,108.0
